source_id,ra,ra_error,dec,dec_error,parallax,parallax_error,phot_g_mean_mag,bp_rp,radial_velocity,radial_velocity_error,phot_variable_flag,teff_val,a_g_val
3410640887035452928,68.17102226833437,0.03392016016588164,19.11333697374337,0.018103234535402753,19.038104802718465,0.03870632423464114,10.119958,1.3242111,39.80542627471108,0.4654657250657077,"NOT_AVAILABLE",4651.5303,
3293714285051109504,68.91382481561335,0.7830848400252732,10.160616990497987,0.6840077877253554,19.038137495047422,0.8676963401124136,3.9918413,0.25782442,,,"NOT_AVAILABLE",6607.0,
3314597408180024960,66.99716002559111,0.0734864609446114,18.75895437452447,0.0380138629039068,19.039816572615948,0.07269192996487489,12.958581,2.706707,,,"NOT_AVAILABLE",3788.555,
50300290446718336,61.42284263328092,0.06449032736567016,19.521633089586985,0.034832895864891356,19.05951543012149,0.06905289151380999,14.010783,2.6400347,,,"NOT_AVAILABLE",3975.3926,0.297
3314024566918614528,65.73420939641956,0.3810575386267071,17.542394646426683,0.21347502853629627,19.063188649433368,0.3699071529928941,3.4155405,1.160408,,,"NOT_AVAILABLE",4946.5,
3311464182294287104,64.48199616948583,0.061988649380944755,14.546191599164752,0.036946793738552565,19.063231502443852,0.0738104395210779,13.771758,2.715047,,,"NOT_AVAILABLE",3956.5469,0.5095
3293752390000875648,68.62632399185118,0.04934504314276999,10.016129989880989,0.026622014806673793,19.079322301279426,0.06727983704797304,7.5595293,0.8057661,,,"NOT_AVAILABLE",5855.0,0.359
3312602348628348032,68.63449771774363,0.04885495431683199,15.8274688911633,0.02279690129213192,19.11200162735418,0.05699245109526056,9.407179,1.0924311,40.00407479861788,0.2074091143239702,"NOT_AVAILABLE",5036.045,0.033
3313241714640886400,69.60439499516899,0.12728325681050764,17.542293133636043,0.0662018658156588,19.116419030094068,0.1705016384415352,9.691323,1.4780893,,,"NOT_AVAILABLE",4453.5273,
48482454126911360,63.688912519196016,0.08317569791359389,19.06384010602405,0.04451798997238491,19.1207961728591,0.09635927979987088,14.994632,3.0271235,,,"NOT_AVAILABLE",4139.71,0.4285
3313070293905997824,69.00075050981559,0.3531461981272288,16.540674374532042,0.2721372792083155,19.126738368242012,0.42735608986423274,10.29208,1.6052094,44.785934612117416,0.9174923215743335,"NOT_AVAILABLE",4202.47,1.206
3410679301221035008,68.83519031138357,0.7500955113820867,19.462918493691777,0.40396378126800814,19.19859010049873,0.8427005440660825,20.18246,1.7814159,,,"NOT_AVAILABLE",,
3306247446297683072,69.3110811498135,0.04835228497070366,11.324066588772457,0.02748989666704041,19.2757266572468,0.06311512081555971,14.674516,2.9201574,,,"NOT_AVAILABLE",3704.4873,0.212
3306618458456010240,68.03156052303085,0.4713452235648709,12.469789652468442,0.2534828736535461,19.332290291034738,0.5548876503641735,13.214181,2.7790852,,,"NOT_AVAILABLE",3850.855,
45068917199431552,61.78436407582372,0.22286104537743043,14.998302747917208,0.13117345048536738,19.421847481744752,0.239322248141119,14.13908,2.989358,,,"NOT_AVAILABLE",4305.9,0.975
3311604954142079104,63.090109446127634,0.07715280210205162,14.554657382073712,0.0479364897778029,19.42916496818092,0.08779265733018483,15.672864,3.0706806,,,"NOT_AVAILABLE",3876.6497,0.1387
144121235389832704,67.40472443907966,0.04207852280021173,19.63926387212327,0.023717265724148416,19.532155640167332,0.043078429476659255,9.135608,0.9942541,-19.366132660925487,0.23658969454928505,"VARIABLE",5251.5,0.022
3306443434245315200,69.29167920571635,0.05189464407774689,12.105462935239277,0.030483162898717605,19.53295959301695,0.06884290208393494,14.828397,3.0743484,,,"NOT_AVAILABLE",3658.9797,0.5955
3311151229500925952,66.05245108754707,0.415919089824256,14.758158115965022,0.3541185896120202,19.537117061355413,0.5034665554797033,7.4278135,0.79395485,41.24052871495005,0.21400047605416445,"NOT_AVAILABLE",5905.5,0.3823
144130516816579200,67.57531434397924,0.09378174016162037,19.840417694471512,0.04532179942451067,19.537555457003098,0.1162521273641772,6.9647703,0.6503067,39.752434177784295,0.33248003943937654,"NOT_AVAILABLE",6278.0,
3314393590508675456,66.59088956948261,0.08347877230817541,18.000157364523197,0.03776642385796158,19.551516628444656,0.08337303229055905,14.327611,3.1202488,,,"NOT_AVAILABLE",3704.545,1.253
3314484094059409408,66.99616241399718,0.10921037187553631,18.500106182252008,0.0680094431427653,19.558208482091477,0.10192571634290348,9.782602,1.3080711,34.509997411423114,0.49072710054708274,"NOT_AVAILABLE",4719.1265,0.461
3313947704182762240,66.09325498830424,0.06637909294265,17.078839735842145,0.028903373103949748,19.592217473093243,0.07065826430681633,6.8392606,0.5997567,38.5381388823084,0.34466515242877754,"NOT_AVAILABLE",6466.95,0.2653
3307198077178624128,66.06452806604726,0.07985215572801138,12.247236667262188,0.05028539173976276,19.618747673588317,0.09327417605013365,14.697147,2.9500647,,,"NOT_AVAILABLE",3656.405,0.324
39122346001196544,61.078020432084614,0.12300865049762306,14.962356017954805,0.06220117693229123,19.661918361718165,0.13892920786331134,15.189349,3.1938457,,,"NOT_AVAILABLE",3669.45,
48509186003340416,62.77604351772565,0.0719999609218623,18.928967576550463,0.04083846371663749,19.731306110321345,0.08352002306706505,14.218579,2.9426146,,,"NOT_AVAILABLE",3704.4873,0.626
3306634646189021440,68.96610843465726,0.11977004728143302,12.255506027509385,0.07044813046060504,19.745614074005736,0.16060443359621393,17.517954,3.984745,,,"NOT_AVAILABLE",,
47760521664503296,65.1155900171312,0.06622505360651203,18.897060257449606,0.029350102660974615,19.758942786237967,0.07109262800440837,14.011936,2.7889376,,,"NOT_AVAILABLE",3767.8567,0.4327
3410409886514680064,69.01781172102312,0.09412470293388035,18.88842617874669,0.0424299857437442,19.765827464142337,0.12811826339522495,12.498384,2.4780235,,,"VARIABLE",3697.0352,
3313743710417140864,66.60302074082938,0.1630598254260652,16.85318525798189,0.08082241407092976,19.840123303586104,0.150544259083428,7.8740706,0.8291478,44.27898362540665,1.0429658998450646,"NOT_AVAILABLE",5739.25,0.1945
3309289520093349888,69.28550619607172,0.05394767021791333,14.785277801150448,0.025167263978505192,19.8680128835537,0.0622902610108976,14.51723,2.630518,,,"NOT_AVAILABLE",3906.65,0.007
47959705067457152,66.127989670183,0.3376873166561112,18.986792877169933,0.17457233362583993,19.89345056614277,0.3698053365984823,14.961833,3.2050476,,,"NOT_AVAILABLE",4033.22,0.952
3314137850976020096,68.03342478089714,0.24559342174122462,17.66468065649173,0.10211484437366264,19.90015691766096,0.29330431604454305,16.581018,,,,"NOT_AVAILABLE",,
3309956850635519488,69.0223739356554,0.04129781545872109,15.683900843044109,0.02074852102961276,19.912605847511,0.04820109787248162,9.133689,1.0354481,40.61890701356144,0.2834237190901564,"NOT_AVAILABLE",5143.3335,0.041
45980377978968064,62.37093383843055,0.08797208724166376,17.131680569291884,0.04137423626077139,19.94015012886133,0.09314713152316983,15.377862,-0.158144,,,"NOT_AVAILABLE",8712.0,
3410505784542875008,69.72842551721509,0.0762041742901854,19.182069620328086,0.04207653254158043,19.955501988648052,0.0798707638935606,12.913276,2.5093756,,,"NOT_AVAILABLE",3794.25,0.7963
3313346408763839488,67.80200597396056,0.1217948572297313,17.161335158654577,0.048478398134417344,19.991597634577047,0.1283205241581216,16.001213,3.6375961,,,"NOT_AVAILABLE",3359.0,1.1137
3312408314888858752,67.64158070456722,0.39434180667965124,14.747980665006523,0.18445745761691196,19.999379194659987,0.4546937490010555,13.490524,2.7088547,,,"NOT_AVAILABLE",3970.53,0.6173
3305524242524308352,61.644801011872694,0.129151774580945,13.549050415129841,0.0637607141324789,20.03602217254013,0.15105018989708957,12.440936,2.2783928,36.433406969261426,0.5608239367503691,"NOT_AVAILABLE",4018.935,0.5935
3313958046465282304,66.30693819922311,0.12469923441695725,17.268080474504615,0.06293429656737624,20.097210163574747,0.14498069765427687,12.004024,2.686429,,,"NOT_AVAILABLE",3881.04,
3309979154400870400,69.81912604339533,0.872076856350023,15.917888265266393,0.252832539262561,20.170778083101556,0.9988853889142897,4.57442,0.23023748,,,"NOT_AVAILABLE",7614.25,0.44
3311906770084019712,64.36772711736377,0.04808842989932991,14.90098569965624,0.029631500762207313,20.192264884167965,0.05278972737384675,13.276046,2.595872,,,"NOT_AVAILABLE",3536.4133,
3312882483575093760,67.79636319390852,0.0625236896939335,16.39576593419968,0.027281758953080174,20.22976698400599,0.07082930847923337,13.815214,2.7509222,,,"NOT_AVAILABLE",3928.615,0.4267
3310903740601986432,66.94642734675811,0.035777979441787754,14.417667226435933,0.017674040052279332,20.24646845027351,0.04016623813869068,9.211576,1.0989523,39.59152717290279,0.2466476661871245,"NOT_AVAILABLE",4960.1953,0.24
47912529146793472,66.45406610512343,0.17752194665330745,18.879642311550374,0.08996323411162999,20.253937653009718,0.1994601408592736,15.516225,3.4484787,,,"NOT_AVAILABLE",3670.1497,1.0745
3410453489022728576,68.42661321954105,0.7138097322677233,19.013288102805394,0.285704636714048,20.255969588945884,0.7921649516777306,18.441952,2.6622887,,,"NOT_AVAILABLE",,
3309540170088830464,68.494365342456,0.3898566168905392,15.163530278136792,0.34852610710971454,20.260478061420866,0.47827114981353314,8.267405,1.0332575,40.5414191853923,0.450349253308971,"NOT_AVAILABLE",5383.82,0.5653
3305847670741196544,68.67795126691175,0.04283587656196863,10.975920805672807,0.023532768797579665,20.28394239513861,0.051949261233970534,13.646641,2.5282116,,,"NOT_AVAILABLE",3667.5,0.0955
3311102820926310784,65.39668022047789,0.07172264899347441,14.69515656171164,0.04299114610140715,20.28981925143624,0.07632174988677534,14.314161,2.8825989,,,"NOT_AVAILABLE",3927.47,0.322
3311038666998173184,65.84972981052806,0.13998007165380894,14.427852577362499,0.08495217931777939,20.296549460594196,0.15087975425327044,13.5766535,2.9365911,,,"NOT_AVAILABLE",3740.81,
3308269757418376576,68.95256210326133,0.0490753457819064,13.28796867394807,0.026311577669043948,20.309148268499914,0.05839584235802952,13.635512,2.733282,,,"NOT_AVAILABLE",4107.38,0.5625
48026706557926528,67.15465729101624,0.37013528994704387,19.18027817758484,0.2481464204699017,20.312961052093055,0.4260689938844761,3.158721,1.2315211,,,"NOT_AVAILABLE",4670.75,
3311514210073309056,63.607355663290356,0.04996470827165767,14.624972882807876,0.030063006234290767,20.330805536884775,0.05545475286983261,8.289951,0.8722091,38.04333150982913,0.18119962175305315,"NOT_AVAILABLE",5631.125,0.099
3305271423568029696,63.12891787002626,0.20374767957833623,13.327137076305812,0.19174892548032696,20.337033728364407,0.22294933530220762,18.35618,,,,"NOT_AVAILABLE",,
47869373315376000,65.95083781852811,0.13567178936669835,18.470189404475825,0.061800168017629054,20.351503110964057,0.14815770532273972,16.812235,3.5006094,,,"NOT_AVAILABLE",3633.795,0.367
3306095468877972608,67.37974933192338,0.04429481216129041,11.222267747968436,0.02306521514583915,20.35496544062644,0.052660375304023774,11.610811,1.8596249,16.383370316426962,0.3705096770804991,"NOT_AVAILABLE",4033.52,0.133
3309540449262796544,68.55437841710436,0.06668301974543211,15.181909470920523,0.030518708908812458,20.376243037949777,0.0750800477760177,15.307837,2.828124,,,"NOT_AVAILABLE",3933.8025,0.301
3314172176354869632,67.3311918235613,0.12563661578100208,17.60561110473117,0.049381917931909866,20.383388906041972,0.14169595490885364,15.993995,3.6916637,,,"NOT_AVAILABLE",3499.5225,
3307815006281475200,67.87267345794213,0.07848207521023114,13.903400045733694,0.04516021679720874,20.38386447722427,0.08378991329270719,7.629576,0.7044482,39.8910170917807,0.22080725855010888,"NOT_AVAILABLE",6132.6665,0.026
3312652513846244096,68.20928391099704,0.2237162043411278,16.00568757238531,0.13951418571059507,20.39695782208213,0.26404910293479833,8.665884,1.0934639,,,"NOT_AVAILABLE",5003.1533,0.5885
3306095473174253184,67.37458972356956,0.06079691370868764,11.224761987642827,0.030476014346553233,20.421485120237097,0.07903933349057393,15.185453,3.0294857,,,"NOT_AVAILABLE",3974.1199,0.301
3313842529024545664,65.85491461033463,0.09398467511585491,16.77715110759729,0.04848176133680661,20.434085024263453,0.10925398251183775,5.563784,0.38607407,,,"NOT_AVAILABLE",7401.6665,0.719
3306016372760404992,66.18384829595526,0.05092404123432711,10.771998763354222,0.03078511831212968,20.45847960065399,0.05785395812123712,12.990063,2.4628315,40.54637204629489,2.0341889148170984,"NOT_AVAILABLE",3760.0,0.3655
3306830943374154240,66.42257300304709,0.039928833336505744,11.503362083885571,0.023953076004616342,20.46225687046978,0.044980733064029964,11.046045,1.6493464,8.196660644692972,0.4491320934238871,"NOT_AVAILABLE",4183.63,0.0197
3307371215900262784,67.80305490737388,0.07905537143182137,12.477267917187827,0.03380375922271525,20.48193787692786,0.09173512009933987,15.410414,3.1724586,,,"NOT_AVAILABLE",3592.0774,0.4747
3307843524864280192,67.09387627092575,0.07677671432299897,13.822678913712352,0.029611347619150595,20.50663201053929,0.09868466800277474,14.918414,3.172782,,,"NOT_AVAILABLE",3770.21,
3304849176745102080,60.29640380062446,0.046509824496119165,12.098369940023884,0.025442218848662705,20.513083280832937,0.053545639676014355,11.322896,1.8055611,38.68408992151719,0.4582495144286457,"NOT_AVAILABLE",3998.4275,0.636
3311024789960504576,65.39544210986372,0.057782140106947176,14.409706546064516,0.03082936887360825,20.51987931160925,0.06770289008990016,6.48186,0.55333567,39.02481865137145,0.31175959084523025,"NOT_AVAILABLE",6695.0,0.5222
3311640138514119040,62.39482807850997,0.06739834297495598,14.560611964545563,0.037556611096938586,20.542134792511884,0.0763390248910301,14.974868,2.6547441,,,"NOT_AVAILABLE",3807.365,0.039
3306592418070112384,68.18962261758399,0.05269703406952661,12.06660851154717,0.023898539082450983,20.54999515095694,0.05664882150368247,13.763806,2.7533484,,,"NOT_AVAILABLE",4076.08,0.552
3309990523179108480,69.53971722851033,0.21213191834055128,16.033218656557306,0.12387901426228808,20.551985644941578,0.21929736351783943,5.68812,0.43625116,,,"NOT_AVAILABLE",7134.373,0.6237
3313259169388356608,68.40863659424868,0.04694679093063558,16.762389765759902,0.02073744286923947,20.55769802307952,0.051259236740466924,9.152518,1.0640316,40.27001901445682,0.16028100283284963,"NOT_AVAILABLE",4944.74,0.133
3311120722349948672,65.2340974957228,0.0979514452970988,14.85949901303648,0.05261868926359044,20.56879221304413,0.11050220249791207,15.158329,3.149828,,,"NOT_AVAILABLE",3669.45,0.3905
3307650109600736000,67.20947489647735,0.14313552448589964,13.047537872988826,0.0867331708470991,20.588748041485722,0.16140418882725793,4.951238,0.27555895,,,"NOT_AVAILABLE",7814.3335,0.6
48061409893621248,67.1555375920541,0.06034313591308539,19.740525157828195,0.033220491213724855,20.627049336082834,0.06342494004010826,8.430403,0.90806866,40.2288729565351,1.75494676826947,"NOT_AVAILABLE",5489.2,0.0675
47541100375011968,65.38495322490863,0.038158139323063965,18.41744468199816,0.020926126592020068,20.64269164472822,0.038760335728723075,6.683846,0.592185,38.458678614133795,0.34054996380281843,"NOT_AVAILABLE",6551.6,0.1995
3304849172450634368,60.297970544970546,0.04222622275618897,12.098266960174337,0.022841596790716144,20.65048539865406,0.047623196694696356,11.7510805,1.953639,,,"NOT_AVAILABLE",4079.29,0.3523
47751828650825856,65.05887516013911,0.15547795449262936,18.7019720155637,0.07610222886129772,20.68403410659809,0.165655369993215,17.412321,3.9890118,,,"NOT_AVAILABLE",,
3309493715722074880,69.38372566683248,0.4124069743906969,15.146381157160157,0.29668906134885836,20.690573420527173,0.4618509208672548,7.398631,0.7953882,41.80386947464673,0.7820425198018769,"NOT_AVAILABLE",5816.5,0.359
50327361624037120,60.9123768450712,0.16901987138510527,19.455841307030457,0.09147852563351373,20.704905732848424,0.16503793299600497,14.795733,2.8458881,,,"NOT_AVAILABLE",3659.9976,
3312281634829711488,64.55460945477337,0.06640060270712712,16.098027303383606,0.04172805608686517,20.73418005756586,0.07622349350310674,14.774393,3.072957,,,"NOT_AVAILABLE",3667.0,0.545
3312892757136810880,67.24950076279652,0.15148253593156094,16.158972578365546,0.07464747302482713,20.744243003843074,0.18166227612736774,6.431078,0.7053199,42.16964038915245,2.993515952306349,"NOT_AVAILABLE",6175.0,1.4297
3310702770492165120,64.8344979862436,0.03964209238482304,14.31635042216714,0.02583704840705471,20.752886601231143,0.04382591510506347,11.991074,2.0931015,38.44631698728643,0.6653472988251273,"NOT_AVAILABLE",4045.9749,0.0635
3310478710637938560,64.5358938746085,0.11823660715120841,13.331094468434225,0.08673312399325915,20.754505837535078,0.11489778211086793,14.082253,,,,"NOT_AVAILABLE",,
3305271423569212288,63.128581127573604,0.2089633923648182,13.327030505774173,0.1531593887212549,20.755580763517944,0.23426422209209063,18.001665,0.91636467,,,"NOT_AVAILABLE",,
3307844864893938304,67.0189265070564,0.06126748600708376,13.867856798752586,0.025878470606580155,20.761288527507038,0.06538954825547594,8.831254,0.9998226,40.37882902777672,0.1841936667557844,"NOT_AVAILABLE",5245.665,0.1447
3307645131734449408,66.72688873527062,0.03296949086955621,13.138105412501822,0.018877616349556342,20.779336454718795,0.036542236558946624,10.083732,1.3895979,39.82296701142941,0.35085890790849406,"NOT_AVAILABLE",4601.0,0.369
3310178784482082816,64.67651469637623,0.09180600657405194,12.510640111687577,0.052868314386124354,20.78314866163932,0.10855120571277671,14.145566,2.9523458,,,"NOT_AVAILABLE",3572.0,0.626
50427387118457984,60.06549937966356,0.07255487883009906,19.4100043509596,0.03952404182908932,20.800346737312672,0.08047651530683812,14.703896,3.005867,,,"NOT_AVAILABLE",3928.11,0.4045
3309541170817293824,68.66687546187458,0.12113008076637079,15.208969866756261,0.05516850456609716,20.80159742744848,0.13268913194878096,11.546209,2.0885963,44.68143018846359,3.7983790043129235,"NOT_AVAILABLE",3907.3333,
3310478710637066752,64.53627703358629,0.09056197652991851,13.331261168299653,0.06056144949445185,20.801685767338675,0.10080327836608798,13.954916,2.8923683,,,"NOT_AVAILABLE",3818.205,
3312903580452944640,67.2122239494725,0.12051739297361781,16.288358786313097,0.05139322285547643,20.807791213408443,0.12187248621352778,14.512005,,,,"NOT_AVAILABLE",,
50327297200978176,60.91322643988814,0.04029513998847573,19.454868918205484,0.020865689619266648,20.81680332749916,0.046617900273413726,9.774549,1.2785139,35.72073762226201,0.3620574085063102,"NOT_AVAILABLE",4746.8667,0.2605
3311229745799686912,65.75677247510198,0.07923840810477316,15.228123932794437,0.047313744731333165,20.81681967572549,0.08127291155350609,15.172077,3.0793295,,,"NOT_AVAILABLE",3715.4033,0.3105
46994986693280640,62.32288917532444,0.09338164322565465,18.564694086650004,0.054848979147800736,20.818385482443407,0.10966747531356981,15.440341,3.20327,,,"NOT_AVAILABLE",4054.75,0.51
3311492803955469696,63.79387786396172,0.03675796947766816,14.398376403602475,0.02315646550826317,20.827641961909254,0.03830326610013824,10.930037,1.7158632,37.622396942690926,0.17492186415532188,"NOT_AVAILABLE",4229.0127,0.7695
3311221224584455936,65.68438728285759,0.06907416826371894,15.056331753563152,0.04506064059910666,20.834176005078046,0.07520762615377852,8.326752,0.74316645,,,"NOT_AVAILABLE",5095.6333,
3312744219987686144,67.1660648035275,0.32242641846282416,15.870787200425978,0.23289782147443203,20.835393772051187,0.3730883263473064,3.3066013,0.44699264,,,"NOT_AVAILABLE",6561.0,
3309976405623744256,69.60786442980779,0.05878656135009653,15.886366955245146,0.028202316990211716,20.837630111946805,0.07194743775849363,13.494205,2.7438564,,,"VARIABLE",3913.2876,0.5835
46994986693280512,62.32360427991593,0.10563263859019746,18.565206549787217,0.06218235020806208,20.844109218329457,0.12406381476872069,15.772657,3.3393269,,,"NOT_AVAILABLE",4132.7227,0.22
3300725905060807936,65.6256319874343,0.03936743317546278,10.434598297722953,0.024233038307282552,20.879692500372403,0.044835858768585805,11.837524,2.0717916,39.4622928997167,0.6252252091733348,"NOT_AVAILABLE",3995.0032,0.481
3311179340062227200,66.5203704878719,0.08240318261554753,15.040798342833309,0.03247311284010828,20.887250220252326,0.09667160859150385,14.712532,,,,"NOT_AVAILABLE",,
3309918646903563264,69.74411994206365,0.10668186926254719,15.66135051322312,0.055313775791065514,20.894463625741324,0.14456597502277524,16.750904,3.6631556,,,"NOT_AVAILABLE",3499.0,
3313714023603261568,67.1646711766005,0.0558147448045214,16.969909718210697,0.02561617767423423,20.89519415434072,0.05665596657406142,14.074879,-0.37547112,,,"NOT_AVAILABLE",8868.667,
3311179340063437952,66.52006217338075,0.06759074393377572,15.041288135214499,0.03278595470696823,20.895477790082012,0.07911514717471141,11.466524,1.9078102,39.098860553219026,0.9500018225493669,"NOT_AVAILABLE",4007.2275,0.08
47813500084423296,64.35531346502113,0.06889853495324463,19.02977997098123,0.03501003898492145,20.895614329070764,0.07681649216579398,10.348603,1.4804659,38.02877173950534,0.2901409381679708,"NOT_AVAILABLE",4439.04,0.286
3306304002426877440,68.54686428684546,0.17119221202715978,11.557858814500607,0.0904268397384352,20.904648897409178,0.2132958827701438,11.048611,1.838851,,,"NOT_AVAILABLE",4046.173,
46456122917536128,60.0290252824067,0.08210714935064785,16.667462607952917,0.04179330181727604,20.906224777356577,0.09077859287092203,15.107166,2.9424944,,,"NOT_AVAILABLE",3574.8228,0.255
3309978501567767808,69.61595115856572,0.1267512444814233,16.002912861379507,0.06332737336468543,20.91725868781979,0.15738370693665044,17.04982,3.754836,,,"NOT_AVAILABLE",3899.28,0.428
3410453484725565312,68.42515255188813,0.08897752984228599,19.01388862485241,0.05572485172365838,20.922137633097442,0.0694530287911936,10.269279,1.4564533,40.165521314514784,0.7872523775913984,"NOT_AVAILABLE",4565.955,0.238
3312709379213017728,66.90001675705912,0.054660829018799845,15.589088761900785,0.024303891789053553,20.92477767028886,0.06445392272994237,7.2737737,0.6998453,39.394460726317526,0.15684136340961485,"NOT_AVAILABLE",6148.3335,0.2203
3312536923393893120,67.53642816777317,0.07881970766559457,15.638142821447705,0.038194325997617275,20.93428184885198,0.06908912048971064,7.868944,1.2252197,,,"NOT_AVAILABLE",5143.45,
3311221224583178368,65.68456777616437,0.043105292975022455,15.056036296455835,0.028089275528479125,20.93938367556897,0.04601717659114027,7.112618,0.8145399,,,"NOT_AVAILABLE",5779.3335,
3313173957237081984,69.38445693842452,0.11671226346771825,16.75856973397436,0.05845498809448486,20.940133708713187,0.14290327553710677,14.529086,3.1935787,,,"NOT_AVAILABLE",3734.6335,
3314137846679343872,68.03365043148166,0.06212781355976969,17.664348320159487,0.02964003137620264,20.95368966060986,0.07601636405730136,14.008977,2.8423252,,,"NOT_AVAILABLE",4492.24,0.5337
45770783575075968,63.895678283321935,0.05294723860258214,16.7622909799639,0.03644281581943572,20.955075268779787,0.057906169848863424,13.998815,2.740881,,,"NOT_AVAILABLE",4113.16,0.168
47803952373768960,64.01544265823308,0.10070416169917801,18.85907972302363,0.045498095090728705,20.96126722051312,0.11769647353718236,13.0,2.509923,,,"NOT_AVAILABLE",3892.4226,0.4665
3309974344039455488,69.54441639026709,0.057051045967571046,15.821386639231237,0.028061770339550308,20.99969682278615,0.06887042480212215,14.414691,2.9229136,,,"NOT_AVAILABLE",3692.38,
48455894049191424,63.62478890243695,0.09543685667068247,18.729885599285968,0.04549880491326653,21.00174607708875,0.10599304698125578,13.221455,2.758421,,,"NOT_AVAILABLE",3983.385,1.236
3311934086075988864,64.46559686579155,0.05812659942410229,15.227066463357511,0.03838118623335799,21.00398356796783,0.06439491917846847,14.246441,2.8855972,,,"NOT_AVAILABLE",3937.0574,0.325
3312348872541805184,64.22746554356954,0.046043978588753275,16.356809594949016,0.029048826054185933,21.006382887593446,0.05242617615364697,13.207776,2.5627975,,,"NOT_AVAILABLE",3893.0,0.366
3312425769635942656,67.5138090928648,0.05426712582097805,14.903577845041712,0.023661599574107982,21.019230291579213,0.05247821345187192,11.690509,1.8887959,-21.257931752762236,0.5484624674922193,"NOT_AVAILABLE",4094.0,0.227
3303882706024344448,62.19514930641477,0.08534033485884811,11.675798298879727,0.05529089744635439,21.023093726675857,0.10074770898335485,15.062053,3.0721626,,,"NOT_AVAILABLE",3654.97,0.2917
45367056650753280,61.5677309153752,0.04103118472032551,15.698035581492242,0.021197993778088533,21.025661670179822,0.043131996895048,7.6933208,0.7621484,37.54540443431114,0.1514717702500898,"NOT_AVAILABLE",5964.6665,0.1045
45293526808851200,62.86572046838921,0.0669653923268576,15.992067514149504,0.039524509507781,21.038997645477608,0.07915954641367062,13.798448,2.826827,,,"NOT_AVAILABLE",3930.78,
3307355272981718272,67.3181087363367,0.06333453562123684,12.36028746858028,0.029657156066924987,21.039450865864588,0.0727044393643113,13.474093,2.7558413,,,"NOT_AVAILABLE",4076.08,0.6793
3310615565476268032,65.22014244064329,0.06295244971624996,13.86437258154713,0.03786947248625617,21.051809776617613,0.07686839983671477,6.0325947,0.60096216,,,"NOT_AVAILABLE",6503.75,1.0675
3307131900322333312,65.33282776124324,0.11137261817688347,12.043857047179577,0.0658086143406669,21.059142044940018,0.12924428035545718,14.7013445,3.2986937,,,"NOT_AVAILABLE",3783.2175,1.2305
3310640648085373824,64.44920908980205,0.048343328122292896,13.661707173013749,0.029831861228949045,21.074309101023143,0.05294255659835863,11.770251,2.0850487,38.04974232290917,0.3763523754181297,"NOT_AVAILABLE",3702.0,0.828
3313579505227558528,66.31934672440356,0.06981580314944334,16.302237261839476,0.0335641194384342,21.11009359935748,0.07981500878692412,15.028309,3.0637484,,,"NOT_AVAILABLE",3675.6667,0.2567
3312440445540818304,67.81865013567919,0.10384167451170004,15.003225607407652,0.04719315120647041,21.11796378466621,0.11672133452255007,16.11734,3.5204058,,,"NOT_AVAILABLE",3523.6025,
3312536927686011520,67.53631161359142,0.10423269076832435,15.63773910857578,0.052967932135913436,21.11984056183339,0.12264660980751074,5.591467,0.41235447,,,"NOT_AVAILABLE",7800.5,
3304412601908736512,63.61406676319081,0.07901978550430337,12.435258318524122,0.03575621539212476,21.130521340565494,0.07484332330359988,7.8784366,0.80617523,38.31881345430109,0.2179618246657341,"NOT_AVAILABLE",5827.6997,0.062
3301044896575527680,65.31858328957411,0.16023454947049148,11.426046191726126,0.09009076030537101,21.139770665143175,0.1876440716286377,13.2792225,2.7242508,,,"NOT_AVAILABLE",4011.1348,0.806
3306722607119077120,68.43778177155276,0.050913023700456986,12.711148428873226,0.02613521071291658,21.14003416985736,0.061610406482903904,14.262473,-0.31508923,,,"NOT_AVAILABLE",8868.667,
50298125783225088,61.35751774012489,0.04666406713523368,19.44201115852477,0.021942134874756894,21.14350053934295,0.051652817968369236,10.833858,1.6707382,37.57343283945246,0.2594881125706114,"NOT_AVAILABLE",4060.13,0.438
3302264224908436480,60.443320758039214,0.06400330345376232,10.770975123100692,0.03619446314608768,21.147645013755582,0.07252608309372469,14.230625,2.7393942,,,"NOT_AVAILABLE",4094.345,
46975436002187136,62.67706325492011,0.048494073553774726,18.42312084704138,0.025507755736366593,21.20764849496003,0.05263258365604857,6.4867163,0.5656414,37.83549462977855,0.3078162126301954,"NOT_AVAILABLE",6685.0,0.513
47982794811614080,66.08776088803592,0.0725471010857524,19.18062044330739,0.03766979437085016,21.21196772776339,0.07657812382878111,15.161274,3.0544357,,,"NOT_AVAILABLE",3805.435,0.328
3311173120950799872,66.4606635812682,0.07412346775579087,15.002468092175874,0.03558674867681706,21.21255363775841,0.08616345224414043,14.778923,3.0302305,,,"NOT_AVAILABLE",4111.35,0.436
3309568143211890048,68.86893760260055,0.16119881805820882,15.399155835268347,0.06903230301142901,21.236797017994842,0.19772500676344545,14.520432,3.1405182,,,"NOT_AVAILABLE",3692.03,0.849
38929141191925760,60.187864502372534,0.47265719235456094,13.906263308456277,0.27959312632227074,21.24198083062283,0.5319536234506538,13.329974,2.986785,,,"NOT_AVAILABLE",3821.1,
49005581144118784,64.74207749187468,0.051153461241553115,19.9065439120542,0.026511156281509327,21.261970037967217,0.053548779043420765,8.414933,0.9067097,38.490018749027314,0.2559087599868699,"NOT_AVAILABLE",5566.0,0.0848
3314212068010812032,67.37694124452663,0.04989094744870904,17.863027077910992,0.022818065832805566,21.2748381398927,0.05546299207487647,6.7800336,0.6105223,39.679529092685584,0.39807944334302287,"NOT_AVAILABLE",6293.1,0.205
3306007129990778368,66.70153660907222,0.357280696594064,10.871043215943404,0.2759566068494808,21.280639401128813,0.44537174472619967,9.084318,1.2790813,42.77153747853659,0.7655370021075065,"NOT_AVAILABLE",4772.54,0.528
3305860933598991104,67.81548099920461,0.2014196691218004,10.70333216800977,0.08251575296098071,21.284621735746306,0.2513491220066052,17.621529,4.061615,,,"NOT_AVAILABLE",,
3312644885984344704,68.24816281283253,0.047698944554714455,15.818858302095158,0.02327300674124293,21.289864328460556,0.05279149698492494,8.4688225,0.91232395,40.66786685386839,0.1664883986849267,"NOT_AVAILABLE",5460.1426,0.182
3312637842237882880,67.96610720448467,0.08614526289438533,15.851476082775514,0.04093820540840381,21.293953163652656,0.09349698116738712,5.916205,0.46772528,,,"NOT_AVAILABLE",6902.5,
47345009348203392,64.78387715273041,0.06132656063354755,17.52463436883315,0.031700473475767196,21.294385044870374,0.05874302503266915,8.270035,0.8856487,37.84735335840655,0.2908666628530297,"NOT_AVAILABLE",5571.5,0.0595
3312751229374292864,66.45569612763943,0.24776186167573466,15.521153937887986,0.13108991011558574,21.308146328882845,0.3092656680249694,11.374796,1.9835625,65.3258614786904,2.0002798660991044,"NOT_AVAILABLE",3812.0,
3303530209469039616,61.852655730877444,0.12106360833339044,10.740582432635406,0.07131271822927134,21.31261665275639,0.1355696051321953,16.240068,3.499794,,,"NOT_AVAILABLE",3572.825,0.2097
3312846371490133504,67.51787955652493,0.16424552533517292,16.06861204294449,0.06550455360562209,21.315551382288582,0.1835383333742779,16.583393,3.7164526,,,"NOT_AVAILABLE",3669.4448,0.448
3312136499294830848,63.943368242641874,0.05969302770134462,15.400603406439703,0.030943732901468037,21.31572760256228,0.0509919292210627,6.203033,0.53746605,41.04966624054254,0.5508273308004303,"NOT_AVAILABLE",6711.0,0.751
3314063908819076352,66.35477640826697,0.04407274099250794,17.915214419248816,0.02259651670832328,21.31696607384222,0.039381673258096814,10.607862,1.6052704,38.48521765981148,0.27764513846238076,"NOT_AVAILABLE",4191.07,0.39
3314185129975960448,67.12037412146206,0.23236362494284876,17.69579772513022,0.1251970589554829,21.330088427463803,0.2601610364225985,11.349087,2.234561,,,"NOT_AVAILABLE",3923.0,
3312520946111619072,67.30192161988296,0.041851338811447834,15.273807236012473,0.020405152752164812,21.33234254262895,0.048269527042857224,11.552275,1.964961,,,"NOT_AVAILABLE",3976.7932,0.385
3311883817778820480,65.15177676579246,0.21048717705386039,15.095361646587934,0.12040570111522123,21.339083041649253,0.2464017450304992,5.179711,0.30777407,,,"NOT_AVAILABLE",7664.5,0.6355
3307516660672931584,68.7736668792799,0.04450538555972796,13.173596368300869,0.024900779787682212,21.339722578726793,0.051576482904252055,13.729072,2.8713198,,,"NOT_AVAILABLE",3881.5225,0.791
3307782570688378496,67.6561511367137,0.10987889858799978,13.724319458651472,0.06242241145143074,21.347035306722194,0.12508836168396523,5.326475,0.35993767,,,"NOT_AVAILABLE",7410.25,0.7333
45198178534988672,62.49038268765362,0.12525338374832806,15.416886646267292,0.06898494920229749,21.35077321948405,0.12833681304507047,14.607817,3.1353045,,,"NOT_AVAILABLE",3692.03,0.817
3312628358950130176,67.66250080745456,0.12282540545049812,15.691773031752879,0.06719022232398335,21.355785938487664,0.13887326607564168,5.4101787,0.32168865,,,"NOT_AVAILABLE",7659.0,
3312904233289409152,67.25110102693226,0.0734596473232878,16.34621764672938,0.031010090573675406,21.373687684898734,0.08248858921518958,13.095269,2.6458483,,,"VARIABLE",4019.14,0.858
3307504222447587584,68.10735463211499,0.043136449600594234,13.113153112997649,0.020010134915414538,21.374164811663565,0.04522434553518168,10.509224,1.6881237,,,"VARIABLE",4182.06,
3313751441358252160,66.5798151960633,0.12204194810513831,17.050478648381574,0.050472579325311906,21.378477379352294,0.1349052852505206,16.36453,3.58527,,,"NOT_AVAILABLE",3444.75,0.143
3313285110990793472,68.48678695003629,0.051426374597343574,16.868940894524105,0.025476044736116584,21.379360029245664,0.06220111745653245,13.766591,2.7626896,,,"NOT_AVAILABLE",3814.1965,0.313
3410787568757738752,68.9671591373127,0.3159310271938237,19.795699231387793,0.16440297638277263,21.384128063452405,0.3900598341039388,13.8327,2.9555702,,,"NOT_AVAILABLE",4250.2754,0.978
3310634974432619648,64.99097817757118,0.627501584203465,14.044679526554427,0.5851263118760414,21.39278863517998,0.7168735997948484,12.722458,2.681096,,,"NOT_AVAILABLE",3709.1667,
45788547559850496,64.41278197382645,0.06487858581248636,16.947727280873647,0.03442233291979903,21.399070637630835,0.0687052157223726,8.098096,0.9690447,,,"NOT_AVAILABLE",5317.0,0.5225
3314079508140198528,66.07108444189181,0.040680587824492624,18.002788452502564,0.02182586731541984,21.403400079114224,0.0428075449678625,9.645082,1.257699,39.44363317489129,0.18026122086869295,"NOT_AVAILABLE",4773.82,0.1835
47729215646206080,64.4614863319336,0.125346595157097,18.475057785016197,0.0627864715008824,21.40793891632859,0.14122759650276068,12.715638,2.6984615,,,"NOT_AVAILABLE",3812.6726,
3312748824191278208,67.14421556281931,0.3537294240343259,15.962033262560476,0.2633288343127145,21.418328212006497,0.34573733531643486,3.493082,1.1451032,,,"NOT_AVAILABLE",4987.0,
3310919202484088832,67.09796084137697,0.3336785909424046,14.740891127798706,0.1924784229372174,21.419116187981494,0.3512039913587468,5.80953,0.45650816,43.579505399045885,1.7384598571211636,"NOT_AVAILABLE",7155.0,0.837
3314109916508904064,67.2017334200264,0.04535117373532867,17.285345827845028,0.021464687610748705,21.431024534860214,0.04704939896635623,7.685845,0.7737613,39.032410296066985,0.1521251488953069,"NOT_AVAILABLE",5903.5,0.0753
3314294771901304192,68.48158208668585,0.05684949182458217,18.380624889771354,0.027664891868472284,21.45798695854842,0.07227216720777939,14.997765,3.0592709,,,"NOT_AVAILABLE",3675.6667,0.203
48987748439909632,64.95472326443384,0.5958645815870987,19.738626831233123,0.45830455538854287,21.458302225580617,0.6697112676612704,12.816149,1.2034826,9.31643584741026,3.3315475724037946,"NOT_AVAILABLE",4894.5376,0.19
3311148828615843328,65.88520823022283,0.0560079266576767,14.670400927721095,0.028778488572197704,21.465177264931558,0.0628803606173286,8.877489,1.0237007,39.31727655729007,0.2609604600760948,"NOT_AVAILABLE",5200.0,0.074
45567511362945152,61.93054507638944,0.04589835576895785,16.518682599418735,0.029561647017781065,21.476408315403912,0.050995700880792506,9.598963,1.2214794,37.645638174602986,0.29238067788015504,"NOT_AVAILABLE",4816.5825,0.1612
3305871825637254912,67.73866598829885,0.0575074974800011,10.751720456152478,0.025056926230392438,21.515548031894955,0.06166060706054006,6.904549,0.63088226,40.21364833022473,0.2811959431891712,"NOT_AVAILABLE",6404.6665,0.1775
3313173957234728576,69.38414925880019,0.12380249969080255,16.758792608016854,0.07722676935021112,21.531745433726634,0.1015757726315668,14.559554,2.933669,,,"NOT_AVAILABLE",3683.0,
3304337251002413952,62.111640140105386,0.05554551403936861,12.191799140816341,0.028371177158461686,21.53175870640924,0.06937759111966092,10.702558,1.6505585,37.56894019008821,0.5208460983103482,"NOT_AVAILABLE",4119.9634,0.489
47965443143743488,66.23849795459027,0.1778652212083084,19.0418594921556,0.1152030152078664,21.533654935384646,0.2114694443694035,5.8676805,0.5239916,,,"NOT_AVAILABLE",6745.0,
3309967059774839808,69.17010273981005,0.04794763184291323,15.86920936668838,0.02642942619485133,21.550600835990853,0.05474827411027704,6.517978,0.5971017,43.49405061722787,0.4094162935235651,"NOT_AVAILABLE",6526.0,0.397
47620265212420096,64.50816886804104,0.07267005228403328,18.256669985312946,0.03588301182800725,21.560795572481293,0.07113160723178959,7.354803,0.85064316,,,"NOT_AVAILABLE",5688.0,0.3945
3312575685471393664,68.64757642161557,0.04841521262353304,15.50450754424306,0.024509026190128767,21.576473558984336,0.05093390123523426,7.7725115,0.7931495,40.261661567348696,0.1399951998767274,"NOT_AVAILABLE",5852.0,0.0743
3312025001943976064,65.80251817058817,0.08276047726886437,15.712787150921809,0.047650600610592196,21.58092734231526,0.09857422059425318,14.345479,2.9949284,,,"NOT_AVAILABLE",3866.9502,0.5705
48203487411427456,65.0545500934205,0.08596804843746812,19.23332589281751,0.03480106191459481,21.599155847121597,0.10742947995766236,7.3117757,0.72082806,38.362153977910666,0.1626945057384917,"NOT_AVAILABLE",6064.0,0.201
45845378567048320,64.00657914515162,0.06779252910139809,16.98296836313519,0.0385733680622244,21.604090413591397,0.08031672755331289,13.78012,2.8325615,,,"NOT_AVAILABLE",3937.0674,
3312498341699861760,67.24446758521347,0.10570034433317164,15.29359810677707,0.051376166296522134,21.62485818715587,0.12056090823094051,16.54255,3.6554441,,,"NOT_AVAILABLE",3441.0,0.3233
3312445973164237568,67.93264049619303,0.5434642072728678,15.041010713181224,0.46142028656482253,21.663101644960815,0.6821454394159701,11.451049,2.0250683,40.40740386716726,0.9086167981886737,"NOT_AVAILABLE",4055.36,
3313662896312488192,66.11853471239752,0.0734304791241509,16.88605747548705,0.030881868997261502,21.66569209161861,0.06805301930502561,7.6564097,0.7804346,37.70532863969025,0.15423266985639278,"NOT_AVAILABLE",5758.4,0.087
3313978112552491136,66.02450502015766,0.1909049782102694,17.443989725755902,0.11480246025280223,21.66971159169791,0.2085209797074308,4.724478,0.2241621,,,"NOT_AVAILABLE",8174.0,0.465
3310569798304869888,64.69650096561314,0.06966424298448647,13.366234498431917,0.04122557821987135,21.675284049144707,0.07422120090533496,11.270179,1.882843,38.87558415142323,0.5130314117279184,"NOT_AVAILABLE",4054.91,0.442
3307528033746225664,68.44479677156822,0.040298394313228944,13.251809373640203,0.02177878578863674,21.693701830170195,0.04652078205272579,6.5009675,0.5809455,,,"NOT_AVAILABLE",6565.0,0.397
3313665885609887744,66.77716109852189,0.11718850423366277,16.430095458248665,0.04852599768592103,21.697254332679023,0.12781621692533576,16.561577,3.6732016,,,"NOT_AVAILABLE",3489.42,0.2625
3312899491645515776,67.37957012440589,0.05285396365163945,16.244695218729277,0.02156113771705019,21.699981900403753,0.05811286062364213,9.927285,1.3841467,39.41134358783126,0.5887037622086978,"NOT_AVAILABLE",4600.31,0.338
3313653894061044224,65.99689378564811,0.05258797460281017,16.721469078289186,0.025782387616705756,21.71019816857066,0.055711933559412966,11.728009,2.0502758,39.107080179083525,0.3631877383860195,"NOT_AVAILABLE",3952.1602,0.644
3306316131414586112,68.77498679125098,0.05658122944432152,11.536348866765376,0.030735902788691316,21.73243288510466,0.07221789690255613,15.296086,3.0013227,,,"NOT_AVAILABLE",3948.6267,0.3767
3313778207594395392,66.81981669424533,0.04246623806588561,17.24171572182765,0.020944699227180823,21.743721080137597,0.04631050974726293,12.143844,2.2100258,40.369513075724385,0.40475763217681326,"NOT_AVAILABLE",4046.5923,0.352
3305860933600191872,67.81617240591406,0.12249672463326478,10.704238424578405,0.05161520577531392,21.74595544902717,0.17314202647772878,13.631172,2.9834833,,,"NOT_AVAILABLE",3730.345,
3313977356636886144,66.02740295647526,0.13345064331128895,17.444226738797575,0.06610404121942019,21.747691598193672,0.10664357171047999,14.500963,2.2955742,,,"NOT_AVAILABLE",3659.0,
3313689422030650496,66.66765704827857,0.07035347824040732,16.74677694365919,0.028036291159959842,21.765215271986055,0.06892683877779782,7.9409018,0.8295064,38.401630327484924,0.15381544872435746,"VARIABLE",5781.0,0.135
49729231594420096,60.20378292460304,0.07318587006961176,18.193881433255513,0.03840528186406999,21.774900875267093,0.08134638131782532,5.790159,0.44538116,,,"NOT_AVAILABLE",7135.6797,
47109438983082496,60.72186160896661,0.0865821247933374,18.407180034470567,0.04340404022162315,21.776342506822957,0.09648024886659379,13.865893,2.9941578,,,"VARIABLE",3753.1526,
45404199528067200,61.04540142285644,0.1365314344318275,15.806012633851257,0.0640056482147813,21.77877577899813,0.14651080175203712,16.303532,3.6061811,,,"NOT_AVAILABLE",3385.6667,0.1115
3314185129974409088,67.12084126252604,0.29589333297939524,17.69591648706005,0.13297311258366132,21.8172207405771,0.23143953597304623,13.166224,,,,"NOT_AVAILABLE",,
47019347749289216,61.415893171559695,0.04257223768143361,17.937593851595214,0.017411382775229026,21.830825405399885,0.04094078409394554,9.030198,1.0547447,36.57164218928388,0.21398315015646288,"NOT_AVAILABLE",4966.0,0.1203
3312564037520033792,67.96910450542352,0.03943490678321448,15.499376849780678,0.018768405822308286,21.836692235162875,0.03778781673007124,10.49827,1.579176,40.44317894778473,0.2902023768526515,"NOT_AVAILABLE",4268.9,0.493
3314213025787054592,67.38218032682573,0.044448179264738964,17.893041427408473,0.020904975048083755,21.839417780702384,0.05087184658369588,8.731016,0.99149895,39.48329890802687,0.1136502427680242,"NOT_AVAILABLE",5342.0,0.1253
48197783694869760,65.84565511563149,0.14059128718512487,19.658537181152187,0.08107425902750777,21.850154849566174,0.16255931179407482,9.108309,1.1240797,39.967092022973574,1.9830720451296189,"VARIABLE",4973.7666,0.1307
47715063730746880,64.64156503063818,0.09189626087733643,18.364587906418375,0.04197596642925296,21.852025759473303,0.110437358297948,14.62012,3.0259037,,,"NOT_AVAILABLE",4087.38,0.475
3311000119668435200,65.5151639208218,0.12597116730467203,14.077106233421263,0.08312753399436378,21.852847596061153,0.14508500244648406,5.6299763,0.41945076,,,"NOT_AVAILABLE",7099.0,0.851
3310201908586060544,64.90438600612691,0.04819791397777826,12.624246205443615,0.02871730187899693,21.867160626269147,0.052993514968404196,9.530093,1.1462831,36.81197452456003,0.2852500841544695,"NOT_AVAILABLE",4947.2935,0.033
3304976960612420736,60.86679327266687,0.10863351720167526,12.46271113027611,0.060553424663914494,21.870201587971344,0.12222680377837412,16.16925,3.4124012,,,"NOT_AVAILABLE",3861.605,0.3303
47319961098840192,64.53805655927536,0.07176261760632842,17.416133992777503,0.04206365483795957,21.87511475750803,0.08587406804568824,14.729224,3.0031977,,,"NOT_AVAILABLE",4059.6675,
47752481485851136,65.10512460159636,0.04939956383999385,18.742494527369594,0.02456306928385009,21.87807423411545,0.0514609304399651,5.9997025,0.5145521,37.272655712881146,0.8626941396288726,"NOT_AVAILABLE",6784.0,0.8707
3312613000147191808,67.93731544259715,0.060564278969226594,15.629246356377982,0.02786214909991256,21.885414645485255,0.06460262782834972,11.263473,1.9195614,39.683165811091015,0.24455407474798857,"NOT_AVAILABLE",3922.0898,0.5455
45181651500848512,62.48572105922877,0.12891103999975928,15.241916013518013,0.07983685931029905,21.889708217591572,0.1463547449872439,16.679281,3.5455608,,,"NOT_AVAILABLE",3532.505,0.351
3312951748510907648,67.49101308172906,0.03883030059492299,16.67271860422926,0.019284179296415675,21.89653153588919,0.039147931289627215,8.853477,1.0292883,40.138868584835336,0.22677343432074654,"NOT_AVAILABLE",5164.0,0.119
3306793937935977216,65.91205756612038,0.4250014742464873,11.21001676568651,0.3820584021596988,21.90651579877497,0.5423488808063207,12.564452,2.2979498,7.406913592131126,1.9994501609645658,"NOT_AVAILABLE",4124.36,0.3197
47804394753757056,64.05521641681148,0.08890760982973067,18.88436675822078,0.04549865047724568,21.924448772782426,0.10328677453386749,11.196231,1.8516169,38.40141177140128,0.6410882070452354,"NOT_AVAILABLE",3952.7,0.559
3312197934506930944,63.89090542824412,0.05942188198436562,15.706167134953644,0.028998227885549784,21.94141648546758,0.0689663457992422,10.431786,1.5752487,38.49116709203465,0.6371498445682483,"NOT_AVAILABLE",4240.395,0.5295
3312613000147191680,67.9365677989029,0.06888455340569541,15.630154290092582,0.027799995197394727,21.954572378053342,0.07581221028921975,13.458199,2.7053165,,,"NOT_AVAILABLE",3875.6133,0.4367
3313665885609887616,66.77787532104998,0.10976648829209382,16.42958363221491,0.046820593626358355,21.96150212739673,0.11472830072660171,16.63398,3.7817345,,,"NOT_AVAILABLE",3594.6401,0.4255
3310634944368705664,64.99094772725788,0.1752763521099054,14.035122317501056,0.10289789561722576,21.974755183345987,0.1787634098041285,5.497301,0.38810778,,,"NOT_AVAILABLE",7400.37,0.6995
3309420014084185600,68.46961789674955,0.08211554982525748,14.85076527719569,0.03781742246852892,21.990076252510278,0.09642066087812864,15.2252445,3.0427313,,,"NOT_AVAILABLE",3858.8333,0.2645
3304096595394580608,64.04577979168424,0.1036918956632566,11.533701719767446,0.06882333553864259,21.99851659582223,0.12372659170850327,15.855219,3.3861017,,,"NOT_AVAILABLE",3981.815,0.3403
3310814886318365568,66.13186164155279,0.06654721612540447,13.92855165102382,0.04052581349684033,22.00599919190607,0.07690932377210596,15.114616,3.1087885,,,"NOT_AVAILABLE",3717.0598,0.346
3306922958753764992,66.94246144055768,0.032470062217569685,11.736365486106083,0.02172762339921226,22.02257903124011,0.037954424884703644,7.3565454,0.7247906,39.09251992909814,0.17535670437220294,"NOT_AVAILABLE",6096.775,0.0765
3312849326426255616,67.64060589162723,0.2032186495384056,16.193904215762856,0.13037037840585475,22.035733795950435,0.2515860510387456,4.7065477,0.23240948,,,"NOT_AVAILABLE",8041.5,0.4623
3306588707218380288,67.81744697444273,0.058017667331781576,12.200081332548166,0.029637828846281352,22.037052379654867,0.068029414873278,14.403973,2.9942255,,,"NOT_AVAILABLE",3869.46,
46106581298062720,63.03227805485396,0.25454115290939666,17.626017990014716,0.14563693568034947,22.104095368315352,0.28392522509006995,13.455772,2.990038,,,"NOT_AVAILABLE",4432.5396,
3312837025641272320,67.69550317234906,0.04845793276066546,16.148537246926157,0.022833012951933455,22.117074154136375,0.055975019465695136,6.3859305,0.58853483,41.399056681378745,0.47854353582487236,"NOT_AVAILABLE",6502.1353,0.5832
3309170875916905856,69.73924477314428,0.1766335214262899,14.105479934245073,0.12008222786032288,22.118307474301226,0.19766639151357285,7.795711,0.8154535,41.96101186463022,0.21373742266995988,"NOT_AVAILABLE",5857.6665,0.1053
3312281669189449472,64.58083132608715,0.038452608227306805,16.088230860678596,0.024558227368018513,22.13534926959188,0.042075601679966476,9.28708,1.153718,38.638230527896646,0.4213873989386112,"NOT_AVAILABLE",5007.105,0.193
47319858019739264,64.59214816838129,0.5216664864481981,17.421422031711845,0.45858712639718907,22.140834690751458,0.6228793036340639,9.593794,1.4053535,39.2887820506287,0.1725221431328966,"NOT_AVAILABLE",4560.25,0.7295
45159901786525568,61.755663010016235,0.10146095440880831,15.334944148492989,0.04700266587355512,22.179966150582498,0.11881008790549655,10.040395,1.4209108,38.12084310623483,0.4289178378742824,"NOT_AVAILABLE",4452.78,0.176
3314063977537054208,66.37292139209056,0.5366422174707441,17.927773011460427,0.36354217586334703,22.194704125402314,0.45412219631506184,4.262473,0.06795359,,,"NOT_AVAILABLE",8947.667,0.318
3312842042162993536,67.21904604267924,0.05939114592523454,15.981476408875185,0.02739300122720893,22.208878786472557,0.06493680737302017,11.246134,1.9049568,39.72524052413118,0.47548299618991585,"NOT_AVAILABLE",4000.0,0.58
3311804515502788352,63.273934568930414,0.07832312636770522,15.247702662715163,0.038072474034706934,22.21530339598677,0.08144225912074875,14.381669,2.9548998,,,"NOT_AVAILABLE",3740.8098,0.245
3313606340183243136,65.98258654521165,0.04880914300634621,16.35408089769433,0.02512730735102972,22.22722792427187,0.051851185599248936,14.347058,-0.2857542,,,"NOT_AVAILABLE",8868.667,
46402281207763072,60.96900602685142,0.45218271178973757,17.109023527013413,0.21458235099857326,22.28049410254795,0.5621059454251328,16.069073,1.2487955,,,"NOT_AVAILABLE",4882.8276,0.1763
3311785239689504512,62.81140349394234,0.15239052439389558,15.086267190384687,0.0946846734971195,22.28172625288553,0.1823883216524241,17.14862,4.063175,,,"NOT_AVAILABLE",,
3310857011357831936,66.8508729356424,0.06161139082184243,14.118574502525442,0.028318209482866948,22.28850994563577,0.07507287287406503,14.491876,2.967929,,,"NOT_AVAILABLE",3419.89,0.259
3300934223858467072,63.64361119965413,0.038592071121845296,10.701362795357467,0.031840284255138136,22.293155692727723,0.044350882737103726,6.9655905,0.6719761,38.66526280792333,0.2951113751359772,"NOT_AVAILABLE",6292.5,0.119
3314150048683152896,67.87159901746988,0.042474760577293845,17.718523175638552,0.019878489410406236,22.30614762380479,0.04683627656484388,11.183414,1.8823891,,,"NOT_AVAILABLE",4074.6667,0.535
3313541056680391296,65.92950129880151,0.05489642085781197,15.88080702620076,0.027815004236255138,22.320679742253688,0.06336457732693589,13.575476,2.6877508,,,"NOT_AVAILABLE",3845.5151,0.2563
3304340751399786752,62.59124165096362,0.231391241830525,12.077991584115397,0.15008958672753375,22.409983956148267,0.25553301667592926,7.909929,0.9239521,,,"NOT_AVAILABLE",5455.25,0.362
3312751882209460864,66.52488590800206,0.06941053979988501,15.524233927887556,0.03473839358304096,22.41212464159547,0.07632458061580606,7.335864,0.7219429,42.731353325808314,0.1514433994765166,"NOT_AVAILABLE",6099.0,0.052
3312759303911629952,66.58693600670517,0.3336458936132731,15.618210573808309,0.170479559458463,22.41409381475608,0.4968645312123053,4.3533874,0.36955404,,,"NOT_AVAILABLE",7114.0,0.7513
3310500082395188224,63.716906977783765,0.1019752267051776,13.054858467628392,0.051508636576224356,22.447205892151214,0.09157906557547389,10.223316,1.50597,38.95711064181492,0.3360216682126014,"NOT_AVAILABLE",4394.24,0.4613
3312381071912436864,64.47971913200992,0.10778372374009149,16.54438593365894,0.06555230549696234,22.48296564482279,0.12502205407331432,12.964265,2.6878557,,,"NOT_AVAILABLE",3876.9734,
3409548556593300480,69.93785767746269,0.08635811968943216,18.09469731676154,0.05093068279835856,22.58049988259475,0.0982141978625113,16.226562,3.6142397,,,"NOT_AVAILABLE",3463.315,0.062
48225477643858176,64.78917751654971,0.08755699620414645,19.475658712989215,0.040497275286503966,22.612633068057278,0.1079975946301675,13.737688,2.7641926,,,"NOT_AVAILABLE",3918.455,
3311671955631826944,62.67060024771565,0.1315277171431386,14.733452028910976,0.08534857411846215,22.623305049210305,0.1505928559577428,16.093847,3.8264618,,,"NOT_AVAILABLE",3335.0,
3312052249216467328,64.94886907387871,0.38182440137567863,15.627541217671025,0.3167559473437725,22.62342033471569,0.4613999858690468,3.2899854,1.22212,,,"NOT_AVAILABLE",4707.25,
3306483944376792832,69.53988625855982,0.27576247575644564,12.51077298837807,0.20477852491384607,22.637378612134167,0.34533821970566025,4.1884313,0.17218351,,,"NOT_AVAILABLE",7941.3335,0.537
3309419984020071552,68.46261629353143,0.6870204256435649,14.844323075636645,0.2162708387712145,22.670278815332797,0.8799874247534156,4.544803,0.33996868,,,"NOT_AVAILABLE",7343.105,
3307717596422556928,66.46572595684012,0.05644234486182275,13.502587368729502,0.03638332419291224,22.71924779513478,0.06413280045206066,13.93894,2.794136,,,"NOT_AVAILABLE",3639.915,0.235
45142206521351552,61.92550271686696,0.05348543147835835,15.162689108708257,0.0343330295151772,22.730791152559355,0.05936975514806547,5.9712453,0.5040016,37.93207863264952,0.4655249549734189,"NOT_AVAILABLE",6826.0,0.6497
3313839574086963712,65.39848045811573,0.1639329104796888,16.89419794411575,0.06751777424328007,22.739101649323416,0.20166330400062688,13.972809,3.0703306,,,"NOT_AVAILABLE",3642.9402,0.8285
45142202225729024,61.92480771488775,0.13133511221956795,15.161951325240867,0.05543249227615641,22.74871941145618,0.07831018870185011,8.678281,0.92958736,,,"NOT_AVAILABLE",5448.0,0.1487
3313207698500079360,69.6318837423358,0.04287598156395884,17.040559426262654,0.021702704785223584,22.788744485863784,0.0545016681605309,13.641514,2.8102684,,,"NOT_AVAILABLE",3790.34,
3312960205303089664,67.48274178738423,0.04335757705210986,16.913916124845805,0.02229898612037101,22.821325099326067,0.04818516809392784,11.971117,2.1965075,39.38302864150298,0.6655767406310671,"NOT_AVAILABLE",3834.2476,0.428
3410717848551557888,67.90170114036148,0.038680202835575335,19.512720260499677,0.018540807362856,22.84721735830119,0.04539263896534766,13.616986,2.5540695,,,"NOT_AVAILABLE",3664.08,0.1857
3307992336891315968,69.96283830990222,0.04006880054578235,12.728408624130592,0.02189820418812391,22.889638920273576,0.04922712937863717,9.659127,1.2912931,41.408660447653645,0.3378850180091098,"NOT_AVAILABLE",4809.8467,0.192
3306421753248761984,69.11576444381032,0.21294603131345122,11.85668427435766,0.12847466481962372,22.8913630052656,0.2618590901764856,18.385796,4.2333107,,,"NOT_AVAILABLE",,
3313845106004931200,65.68711942079408,0.3044548990723368,16.790809418241206,0.24762427362345799,22.933185697947113,0.3365191987315553,7.66847,0.8464041,46.02404713706524,1.0684778901684682,"NOT_AVAILABLE",5712.0,0.272
3304085291040709888,63.2719124388446,0.039208186118723176,11.74611674750476,0.027006289715089227,22.961530814781504,0.04298690936078283,12.684345,2.3570871,25.95700040566685,0.7375033146987002,"NOT_AVAILABLE",3972.08,0.333
45789269114357632,64.38492333077448,0.14621416895788744,16.949612326380425,0.07705370450273406,22.96558749098448,0.16138908617353404,16.594349,3.5576258,,,"NOT_AVAILABLE",3698.06,0.351
3304478125929665152,62.77738074084248,0.14695834408283254,12.796658123009877,0.07818687209592198,23.04142845292586,0.12735972293840772,16.54054,3.8348484,,,"NOT_AVAILABLE",3310.0,0.4465
3304090857318319232,63.18173946047419,0.04412563207804497,11.863213366072909,0.02899442174488621,23.055687701565997,0.04828422853614786,13.905918,-0.32040024,,,"NOT_AVAILABLE",8868.667,
3300472360255236736,63.738789098430956,0.1937891216835194,10.001886439773145,0.12970722758079356,23.05815629853695,0.23074077656018802,18.239515,1.1456566,,,"NOT_AVAILABLE",,
3305881652522411520,67.8320152878369,0.05664202965096906,10.92373549237537,0.0275111129709156,23.068257114185215,0.06495693919288652,14.884027,3.190319,,,"VARIABLE",3669.45,
3314581984953794816,67.25473728759233,0.04999566253265795,18.673545284966675,0.022653716941494623,23.136755473161013,0.05161746757450416,12.2739725,2.3984842,,,"NOT_AVAILABLE",3978.37,0.8205
3310820624394671488,65.97723182921048,0.040123336422893,14.052022219297244,0.02506454118649806,23.138229144148518,0.04531430296407873,10.362146,1.5782852,39.544895135983055,0.33829866827812105,"NOT_AVAILABLE",4225.283,0.4605
3410639993682264960,68.15818836478688,0.04584676577675232,19.046531112553293,0.023175515302824592,23.174960847054685,0.0538512135477999,13.765739,2.8271503,,,"NOT_AVAILABLE",3930.78,0.521
3307489031146701696,68.36301870809436,0.04447596768417456,13.045388903997113,0.022565278617272932,23.177751219238406,0.050990712458219296,12.2632885,2.3401241,40.27169246573413,0.8316999038175552,"NOT_AVAILABLE",3912.8625,0.4658
48977371798954368,64.7634778411963,0.06875170159886457,19.54416989477049,0.03021229707024836,23.20405129678161,0.07672687696108445,13.9770355,2.959752,,,"NOT_AVAILABLE",3391.0,0.6317
3304478125928333824,62.77684250923688,0.6973031969340713,12.796775057300183,0.3597090399820554,23.204492081681227,0.6950728350751147,19.04263,,,,"NOT_AVAILABLE",,
3311221258944195200,65.66659763373238,0.063623473903519,15.06240278636726,0.041138382864274854,23.231173555549276,0.07059153460044718,14.108304,3.087965,,,"NOT_AVAILABLE",3660.8066,0.8528
3314232855652895104,68.09948359318356,0.03299118760338653,17.75059414540984,0.015249178887785429,23.2617815421446,0.037321651952142224,13.362237,1.5849962,,,"NOT_AVAILABLE",4486.0,0.102
48127548093140864,66.85320353720337,0.04208903912059549,19.975574581375202,0.02287538104091022,23.431383448941315,0.039445603157944126,12.568814,2.2102203,,,"NOT_AVAILABLE",4062.0825,0.2417
3310612404379251840,65.20960451498938,0.403585683261369,13.764635396228995,0.2150126451585076,23.53013762764124,0.5319716981807223,18.752941,3.8262157,,,"NOT_AVAILABLE",,
3311810043124387712,63.46883478734403,0.5300389707979012,15.364960509757124,0.36404049190582755,23.61720390699719,0.5733242569627771,14.25657,2.921834,,,"NOT_AVAILABLE",3496.25,
3312921378798754304,67.04581034723728,0.05898680920385719,16.470801783690373,0.023624427918541583,23.635456140725697,0.06616739692039415,10.502086,1.6747475,39.9820440529324,0.20969474734292168,"NOT_AVAILABLE",4191.0,0.649
50184287672598912,60.357844609337334,0.984665915290861,18.81405545038399,0.3565023196390516,23.73228966300905,1.0322172325622065,18.672333,2.3657875,,,"NOT_AVAILABLE",,
3314440285393131008,66.44861414636142,0.5526903210373469,18.017131060203464,0.42764153342756167,23.745864129548778,0.5712045578172497,8.749313,1.1383896,,,"NOT_AVAILABLE",4950.92,0.403
3410390468964390400,69.16275986131558,0.03817594671942925,18.61558527735502,0.019110852938185145,23.747958850578666,0.047510900263948455,12.314647,2.324626,,,"NOT_AVAILABLE",4111.12,0.113
3306856541379219456,65.60755350732434,0.13703585464474888,11.30566520706821,0.08550566216443667,23.899321808166757,0.17255345157843927,9.353226,1.4449682,40.300717361641,0.4374226906180982,"NOT_AVAILABLE",4537.797,0.928
3313958836739285120,66.17660737901828,0.04783526611797014,17.20100811127758,0.02420546718083767,23.905298703666332,0.05661336141525634,12.345033,2.1859827,42.10295745816438,0.5463980829396603,"NOT_AVAILABLE",3944.9,0.079
47485609397541632,65.66540015396399,0.05403748588830152,18.269184146113485,0.025887832236848023,23.97665240546381,0.05402351452579329,12.086519,2.25562,39.655992626635665,0.3532840896628016,"NOT_AVAILABLE",3992.47,0.3307
