source_id,ra,ra_error,dec,dec_error,parallax,parallax_error,phot_g_mean_mag,bp_rp,radial_velocity,radial_velocity_error,phot_variable_flag,teff_val,a_g_val,lum_val
3314024566918614528,65.73420939641956,0.3810575386267071,17.542394646426683,0.21347502853629627,19.063188649433368,0.3699071529928941,3.4155405,1.160408,,,"NOT_AVAILABLE",4946.5,,98.5148
3311464182294287104,64.48199616948583,0.061988649380944755,14.546191599164752,0.036946793738552565,19.063231502443852,0.0738104395210779,13.771758,2.715047,,,"NOT_AVAILABLE",3956.5469,0.5095,
3312602348628348032,68.63449771774363,0.04885495431683199,15.8274688911633,0.02279690129213192,19.11200162735418,0.05699245109526056,9.407179,1.0924311,40.00407479861788,0.2074091143239702,"NOT_AVAILABLE",5036.045,0.033,0.3855936
3313241714640886400,69.60439499516899,0.12728325681050764,17.542293133636043,0.0662018658156588,19.116419030094068,0.1705016384415352,9.691323,1.4780893,,,"NOT_AVAILABLE",4453.5273,,0.35422507
3313070293905997824,69.00075050981559,0.3531461981272288,16.540674374532042,0.2721372792083155,19.126738368242012,0.42735608986423274,10.29208,1.6052094,44.785934612117416,0.9174923215743335,"NOT_AVAILABLE",4202.47,1.206,0.22978367
3311151229500925952,66.05245108754707,0.415919089824256,14.758158115965022,0.3541185896120202,19.537117061355413,0.5034665554797033,7.4278135,0.79395485,41.24052871495005,0.21400047605416445,"NOT_AVAILABLE",5905.5,0.3823,2.0701575
3314393590508675456,66.59088956948261,0.08347877230817541,18.000157364523197,0.03776642385796158,19.551516628444656,0.08337303229055905,14.327611,3.1202488,,,"NOT_AVAILABLE",3704.545,1.253,
3314484094059409408,66.99616241399718,0.10921037187553631,18.500106182252008,0.0680094431427653,19.558208482091477,0.10192571634290348,9.782602,1.3080711,34.509997411423114,0.49072710054708274,"NOT_AVAILABLE",4719.1265,0.461,0.28248885
3313947704182762240,66.09325498830424,0.06637909294265,17.078839735842145,0.028903373103949748,19.592217473093243,0.07065826430681633,6.8392606,0.5997567,38.5381388823084,0.34466515242877754,"NOT_AVAILABLE",6466.95,0.2653,3.4921165
3313743710417140864,66.60302074082938,0.1630598254260652,16.85318525798189,0.08082241407092976,19.840123303586104,0.150544259083428,7.8740706,0.8291478,44.27898362540665,1.0429658998450646,"NOT_AVAILABLE",5739.25,0.1945,1.3433526
3309289520093349888,69.28550619607172,0.05394767021791333,14.785277801150448,0.025167263978505192,19.8680128835537,0.0622902610108976,14.51723,2.630518,,,"NOT_AVAILABLE",3906.65,0.007,
3314137850976020096,68.03342478089714,0.24559342174122462,17.66468065649173,0.10211484437366264,19.90015691766096,0.29330431604454305,16.581018,,,,"NOT_AVAILABLE",,,
3309956850635519488,69.0223739356554,0.04129781545872109,15.683900843044109,0.02074852102961276,19.912605847511,0.04820109787248162,9.133689,1.0354481,40.61890701356144,0.2834237190901564,"NOT_AVAILABLE",5143.3335,0.041,0.44770184
3313346408763839488,67.80200597396056,0.1217948572297313,17.161335158654577,0.048478398134417344,19.991597634577047,0.1283205241581216,16.001213,3.6375961,,,"NOT_AVAILABLE",3359.0,1.1137,
3312408314888858752,67.64158070456722,0.39434180667965124,14.747980665006523,0.18445745761691196,19.999379194659987,0.4546937490010555,13.490524,2.7088547,,,"NOT_AVAILABLE",3970.53,0.6173,
3313958046465282304,66.30693819922311,0.12469923441695725,17.268080474504615,0.06293429656737624,20.097210163574747,0.14498069765427687,12.004024,2.686429,,,"NOT_AVAILABLE",3881.04,,0.052550357
3311906770084019712,64.36772711736377,0.04808842989932991,14.90098569965624,0.029631500762207313,20.192264884167965,0.05278972737384675,13.276046,2.595872,,,"NOT_AVAILABLE",3536.4133,,
3312882483575093760,67.79636319390852,0.0625236896939335,16.39576593419968,0.027281758953080174,20.22976698400599,0.07082930847923337,13.815214,2.7509222,,,"NOT_AVAILABLE",3928.615,0.4267,
3310903740601986432,66.94642734675811,0.035777979441787754,14.417667226435933,0.017674040052279332,20.24646845027351,0.04016623813869068,9.211576,1.0989523,39.59152717290279,0.2466476661871245,"NOT_AVAILABLE",4960.1953,0.24,0.41822818
3309540170088830464,68.494365342456,0.3898566168905392,15.163530278136792,0.34852610710971454,20.260478061420866,0.47827114981353314,8.267405,1.0332575,40.5414191853923,0.450349253308971,"NOT_AVAILABLE",5383.82,0.5653,0.9266733
3311102820926310784,65.39668022047789,0.07172264899347441,14.69515656171164,0.04299114610140715,20.28981925143624,0.07632174988677534,14.314161,2.8825989,,,"NOT_AVAILABLE",3927.47,0.322,
3311038666998173184,65.84972981052806,0.13998007165380894,14.427852577362499,0.08495217931777939,20.296549460594196,0.15087975425327044,13.5766535,2.9365911,,,"NOT_AVAILABLE",3740.81,,
3308269757418376576,68.95256210326133,0.0490753457819064,13.28796867394807,0.026311577669043948,20.309148268499914,0.05839584235802952,13.635512,2.733282,,,"NOT_AVAILABLE",4107.38,0.5625,
47869373315376000,65.95083781852811,0.13567178936669835,18.470189404475825,0.061800168017629054,20.351503110964057,0.14815770532273972,16.812235,3.5006094,,,"NOT_AVAILABLE",3633.795,0.367,
3309540449262796544,68.55437841710436,0.06668301974543211,15.181909470920523,0.030518708908812458,20.376243037949777,0.0750800477760177,15.307837,2.828124,,,"NOT_AVAILABLE",3933.8025,0.301,
3314172176354869632,67.3311918235613,0.12563661578100208,17.60561110473117,0.049381917931909866,20.383388906041972,0.14169595490885364,15.993995,3.6916637,,,"NOT_AVAILABLE",3499.5225,,
3307815006281475200,67.87267345794213,0.07848207521023114,13.903400045733694,0.04516021679720874,20.38386447722427,0.08378991329270719,7.629576,0.7044482,39.8910170917807,0.22080725855010888,"NOT_AVAILABLE",6132.6665,0.026,1.5662222
3312652513846244096,68.20928391099704,0.2237162043411278,16.00568757238531,0.13951418571059507,20.39695782208213,0.26404910293479833,8.665884,1.0934639,,,"NOT_AVAILABLE",5003.1533,0.5885,0.67473125
3313842529024545664,65.85491461033463,0.09398467511585491,16.77715110759729,0.04848176133680661,20.434085024263453,0.10925398251183775,5.563784,0.38607407,,,"NOT_AVAILABLE",7401.6665,0.719,10.551549
3307843524864280192,67.09387627092575,0.07677671432299897,13.822678913712352,0.029611347619150595,20.50663201053929,0.09868466800277474,14.918414,3.172782,,,"NOT_AVAILABLE",3770.21,,
3311024789960504576,65.39544210986372,0.057782140106947176,14.409706546064516,0.03082936887360825,20.51987931160925,0.06770289008990016,6.48186,0.55333567,39.02481865137145,0.31175959084523025,"NOT_AVAILABLE",6695.0,0.5222,4.4238496
3309990523179108480,69.53971722851033,0.21213191834055128,16.033218656557306,0.12387901426228808,20.551985644941578,0.21929736351783943,5.68812,0.43625116,,,"NOT_AVAILABLE",7134.373,0.6237,9.219533
3313259169388356608,68.40863659424868,0.04694679093063558,16.762389765759902,0.02073744286923947,20.55769802307952,0.051259236740466924,9.152518,1.0640316,40.27001901445682,0.16028100283284963,"NOT_AVAILABLE",4944.74,0.133,0.42986265
3311120722349948672,65.2340974957228,0.0979514452970988,14.85949901303648,0.05261868926359044,20.56879221304413,0.11050220249791207,15.158329,3.149828,,,"NOT_AVAILABLE",3669.45,0.3905,
3307650109600736000,67.20947489647735,0.14313552448589964,13.047537872988826,0.0867331708470991,20.588748041485722,0.16140418882725793,4.951238,0.27555895,,,"NOT_AVAILABLE",7814.3335,0.6,18.74205
47541100375011968,65.38495322490863,0.038158139323063965,18.41744468199816,0.020926126592020068,20.64269164472822,0.038760335728723075,6.683846,0.592185,38.458678614133795,0.34054996380281843,"NOT_AVAILABLE",6551.6,0.1995,3.6286097
47751828650825856,65.05887516013911,0.15547795449262936,18.7019720155637,0.07610222886129772,20.68403410659809,0.165655369993215,17.412321,3.9890118,,,"NOT_AVAILABLE",,,
3309493715722074880,69.38372566683248,0.4124069743906969,15.146381157160157,0.29668906134885836,20.690573420527173,0.4618509208672548,7.398631,0.7953882,41.80386947464673,0.7820425198018769,"NOT_AVAILABLE",5816.5,0.359,1.9048138
3312281634829711488,64.55460945477337,0.06640060270712712,16.098027303383606,0.04172805608686517,20.73418005756586,0.07622349350310674,14.774393,3.072957,,,"NOT_AVAILABLE",3667.0,0.545,
3312892757136810880,67.24950076279652,0.15148253593156094,16.158972578365546,0.07464747302482713,20.744243003843074,0.18166227612736774,6.431078,0.7053199,42.16964038915245,2.993515952306349,"NOT_AVAILABLE",6175.0,1.4297,4.55581
3310702770492165120,64.8344979862436,0.03964209238482304,14.31635042216714,0.02583704840705471,20.752886601231143,0.04382591510506347,11.991074,2.0931015,38.44631698728643,0.6653472988251273,"NOT_AVAILABLE",4045.9749,0.0635,
3310478710637938560,64.5358938746085,0.11823660715120841,13.331094468434225,0.08673312399325915,20.754505837535078,0.11489778211086793,14.082253,,,,"NOT_AVAILABLE",,,
3307844864893938304,67.0189265070564,0.06126748600708376,13.867856798752586,0.025878470606580155,20.761288527507038,0.06538954825547594,8.831254,0.9998226,40.37882902777672,0.1841936667557844,"NOT_AVAILABLE",5245.665,0.1447,0.53506947
3307645131734449408,66.72688873527062,0.03296949086955621,13.138105412501822,0.018877616349556342,20.779336454718795,0.036542236558946624,10.083732,1.3895979,39.82296701142941,0.35085890790849406,"NOT_AVAILABLE",4601.0,0.369,0.19724225
3309541170817293824,68.66687546187458,0.12113008076637079,15.208969866756261,0.05516850456609716,20.80159742744848,0.13268913194878096,11.546209,2.0885963,44.68143018846359,3.7983790043129235,"NOT_AVAILABLE",3907.3333,,0.0734636
3310478710637066752,64.53627703358629,0.09056197652991851,13.331261168299653,0.06056144949445185,20.801685767338675,0.10080327836608798,13.954916,2.8923683,,,"NOT_AVAILABLE",3818.205,,
3312903580452944640,67.2122239494725,0.12051739297361781,16.288358786313097,0.05139322285547643,20.807791213408443,0.12187248621352778,14.512005,,,,"NOT_AVAILABLE",,,
3311229745799686912,65.75677247510198,0.07923840810477316,15.228123932794437,0.047313744731333165,20.81681967572549,0.08127291155350609,15.172077,3.0793295,,,"NOT_AVAILABLE",3715.4033,0.3105,
3311492803955469696,63.79387786396172,0.03675796947766816,14.398376403602475,0.02315646550826317,20.827641961909254,0.03830326610013824,10.930037,1.7158632,37.622396942690926,0.17492186415532188,"NOT_AVAILABLE",4229.0127,0.7695,0.106137685
3311221224584455936,65.68438728285759,0.06907416826371894,15.056331753563152,0.04506064059910666,20.834176005078046,0.07520762615377852,8.326752,0.74316645,,,"NOT_AVAILABLE",5095.6333,,
3312744219987686144,67.1660648035275,0.32242641846282416,15.870787200425978,0.23289782147443203,20.835393772051187,0.3730883263473064,3.3066013,0.44699264,,,"NOT_AVAILABLE",6561.0,,79.90247
3309976405623744256,69.60786442980779,0.05878656135009653,15.886366955245146,0.028202316990211716,20.837630111946805,0.07194743775849363,13.494205,2.7438564,,,"VARIABLE",3913.2876,0.5835,
3311179340062227200,66.5203704878719,0.08240318261554753,15.040798342833309,0.03247311284010828,20.887250220252326,0.09667160859150385,14.712532,,,,"NOT_AVAILABLE",,,
3309918646903563264,69.74411994206365,0.10668186926254719,15.66135051322312,0.055313775791065514,20.894463625741324,0.14456597502277524,16.750904,3.6631556,,,"NOT_AVAILABLE",3499.0,,
3313714023603261568,67.1646711766005,0.0558147448045214,16.969909718210697,0.02561617767423423,20.89519415434072,0.05665596657406142,14.074879,-0.37547112,,,"NOT_AVAILABLE",8868.667,,
3311179340063437952,66.52006217338075,0.06759074393377572,15.041288135214499,0.03278595470696823,20.895477790082012,0.07911514717471141,11.466524,1.9078102,39.098860553219026,0.9500018225493669,"NOT_AVAILABLE",4007.2275,0.08,0.07351485
3309978501567767808,69.61595115856572,0.1267512444814233,16.002912861379507,0.06332737336468543,20.91725868781979,0.15738370693665044,17.04982,3.754836,,,"NOT_AVAILABLE",3899.28,0.428,
3312709379213017728,66.90001675705912,0.054660829018799845,15.589088761900785,0.024303891789053553,20.92477767028886,0.06445392272994237,7.2737737,0.6998453,39.394460726317526,0.15684136340961485,"NOT_AVAILABLE",6148.3335,0.2203,2.0618024
3312536923393893120,67.53642816777317,0.07881970766559457,15.638142821447705,0.038194325997617275,20.93428184885198,0.06908912048971064,7.868944,1.2252197,,,"NOT_AVAILABLE",5143.45,,
3311221224583178368,65.68456777616437,0.043105292975022455,15.056036296455835,0.028089275528479125,20.93938367556897,0.04601717659114027,7.112618,0.8145399,,,"NOT_AVAILABLE",5779.3335,,2.4256353
3313173957237081984,69.38445693842452,0.11671226346771825,16.75856973397436,0.05845498809448486,20.940133708713187,0.14290327553710677,14.529086,3.1935787,,,"NOT_AVAILABLE",3734.6335,,
3314137846679343872,68.03365043148166,0.06212781355976969,17.664348320159487,0.02964003137620264,20.95368966060986,0.07601636405730136,14.008977,2.8423252,,,"NOT_AVAILABLE",4492.24,0.5337,
45770783575075968,63.895678283321935,0.05294723860258214,16.7622909799639,0.03644281581943572,20.955075268779787,0.057906169848863424,13.998815,2.740881,,,"NOT_AVAILABLE",4113.16,0.168,
47803952373768960,64.01544265823308,0.10070416169917801,18.85907972302363,0.045498095090728705,20.96126722051312,0.11769647353718236,13.0,2.509923,,,"NOT_AVAILABLE",3892.4226,0.4665,
3309974344039455488,69.54441639026709,0.057051045967571046,15.821386639231237,0.028061770339550308,20.99969682278615,0.06887042480212215,14.414691,2.9229136,,,"NOT_AVAILABLE",3692.38,,
3311934086075988864,64.46559686579155,0.05812659942410229,15.227066463357511,0.03838118623335799,21.00398356796783,0.06439491917846847,14.246441,2.8855972,,,"NOT_AVAILABLE",3937.0574,0.325,
3312348872541805184,64.22746554356954,0.046043978588753275,16.356809594949016,0.029048826054185933,21.006382887593446,0.05242617615364697,13.207776,2.5627975,,,"NOT_AVAILABLE",3893.0,0.366,
3312425769635942656,67.5138090928648,0.05426712582097805,14.903577845041712,0.023661599574107982,21.019230291579213,0.05247821345187192,11.690509,1.8887959,-21.257931752762236,0.5484624674922193,"NOT_AVAILABLE",4094.0,0.227,
3310615565476268032,65.22014244064329,0.06295244971624996,13.86437258154713,0.03786947248625617,21.051809776617613,0.07686839983671477,6.0325947,0.60096216,,,"NOT_AVAILABLE",6503.75,1.0675,6.357113
3310640648085373824,64.44920908980205,0.048343328122292896,13.661707173013749,0.029831861228949045,21.074309101023143,0.05294255659835863,11.770251,2.0850487,38.04974232290917,0.3763523754181297,"NOT_AVAILABLE",3702.0,0.828,0.06700034
3313579505227558528,66.31934672440356,0.06981580314944334,16.302237261839476,0.0335641194384342,21.11009359935748,0.07981500878692412,15.028309,3.0637484,,,"NOT_AVAILABLE",3675.6667,0.2567,
3312440445540818304,67.81865013567919,0.10384167451170004,15.003225607407652,0.04719315120647041,21.11796378466621,0.11672133452255007,16.11734,3.5204058,,,"NOT_AVAILABLE",3523.6025,,
3312536927686011520,67.53631161359142,0.10423269076832435,15.63773910857578,0.052967932135913436,21.11984056183339,0.12264660980751074,5.591467,0.41235447,,,"NOT_AVAILABLE",7800.5,,9.865122
3311173120950799872,66.4606635812682,0.07412346775579087,15.002468092175874,0.03558674867681706,21.21255363775841,0.08616345224414043,14.778923,3.0302305,,,"NOT_AVAILABLE",4111.35,0.436,
3309568143211890048,68.86893760260055,0.16119881805820882,15.399155835268347,0.06903230301142901,21.236797017994842,0.19772500676344545,14.520432,3.1405182,,,"NOT_AVAILABLE",3692.03,0.849,
3314212068010812032,67.37694124452663,0.04989094744870904,17.863027077910992,0.022818065832805566,21.2748381398927,0.05546299207487647,6.7800336,0.6105223,39.679529092685584,0.39807944334302287,"NOT_AVAILABLE",6293.1,0.205,3.1335366
3312644885984344704,68.24816281283253,0.047698944554714455,15.818858302095158,0.02327300674124293,21.289864328460556,0.05279149698492494,8.4688225,0.91232395,40.66786685386839,0.1664883986849267,"NOT_AVAILABLE",5460.1426,0.182,0.69099885
3312637842237882880,67.96610720448467,0.08614526289438533,15.851476082775514,0.04093820540840381,21.293953163652656,0.09349698116738712,5.916205,0.46772528,,,"NOT_AVAILABLE",6902.5,,6.929854
47345009348203392,64.78387715273041,0.06132656063354755,17.52463436883315,0.031700473475767196,21.294385044870374,0.05874302503266915,8.270035,0.8856487,37.84735335840655,0.2908666628530297,"NOT_AVAILABLE",5571.5,0.0595,0.8203813
3312751229374292864,66.45569612763943,0.24776186167573466,15.521153937887986,0.13108991011558574,21.308146328882845,0.3092656680249694,11.374796,1.9835625,65.3258614786904,2.0002798660991044,"NOT_AVAILABLE",3812.0,,0.087447874
3312846371490133504,67.51787955652493,0.16424552533517292,16.06861204294449,0.06550455360562209,21.315551382288582,0.1835383333742779,16.583393,3.7164526,,,"NOT_AVAILABLE",3669.4448,0.448,
3312136499294830848,63.943368242641874,0.05969302770134462,15.400603406439703,0.030943732901468037,21.31572760256228,0.0509919292210627,6.203033,0.53746605,41.04966624054254,0.5508273308004303,"NOT_AVAILABLE",6711.0,0.751,5.300475
3314063908819076352,66.35477640826697,0.04407274099250794,17.915214419248816,0.02259651670832328,21.31696607384222,0.039381673258096814,10.607862,1.6052704,38.48521765981148,0.27764513846238076,"NOT_AVAILABLE",4191.07,0.39,0.13918191
3314185129975960448,67.12037412146206,0.23236362494284876,17.69579772513022,0.1251970589554829,21.330088427463803,0.2601610364225985,11.349087,2.234561,,,"NOT_AVAILABLE",3923.0,,0.08289668
3312520946111619072,67.30192161988296,0.041851338811447834,15.273807236012473,0.020405152752164812,21.33234254262895,0.048269527042857224,11.552275,1.964961,,,"NOT_AVAILABLE",3976.7932,0.385,0.06627807
3311883817778820480,65.15177676579246,0.21048717705386039,15.095361646587934,0.12040570111522123,21.339083041649253,0.2464017450304992,5.179711,0.30777407,,,"NOT_AVAILABLE",7664.5,0.6355,13.977994
3307516660672931584,68.7736668792799,0.04450538555972796,13.173596368300869,0.024900779787682212,21.339722578726793,0.051576482904252055,13.729072,2.8713198,,,"NOT_AVAILABLE",3881.5225,0.791,
3307782570688378496,67.6561511367137,0.10987889858799978,13.724319458651472,0.06242241145143074,21.347035306722194,0.12508836168396523,5.326475,0.35993767,,,"NOT_AVAILABLE",7410.25,0.7333,12.034685
3312628358950130176,67.66250080745456,0.12282540545049812,15.691773031752879,0.06719022232398335,21.355785938487664,0.13887326607564168,5.4101787,0.32168865,,,"NOT_AVAILABLE",7659.0,,11.28288
3312904233289409152,67.25110102693226,0.0734596473232878,16.34621764672938,0.031010090573675406,21.373687684898734,0.08248858921518958,13.095269,2.6458483,,,"VARIABLE",4019.14,0.858,
3307504222447587584,68.10735463211499,0.043136449600594234,13.113153112997649,0.020010134915414538,21.374164811663565,0.04522434553518168,10.509224,1.6881237,,,"VARIABLE",4182.06,,0.15237126
3313751441358252160,66.5798151960633,0.12204194810513831,17.050478648381574,0.050472579325311906,21.378477379352294,0.1349052852505206,16.36453,3.58527,,,"NOT_AVAILABLE",3444.75,0.143,
3313285110990793472,68.48678695003629,0.051426374597343574,16.868940894524105,0.025476044736116584,21.379360029245664,0.06220111745653245,13.766591,2.7626896,,,"NOT_AVAILABLE",3814.1965,0.313,
3310634974432619648,64.99097817757118,0.627501584203465,14.044679526554427,0.5851263118760414,21.39278863517998,0.7168735997948484,12.722458,2.681096,,,"NOT_AVAILABLE",3709.1667,,
45788547559850496,64.41278197382645,0.06487858581248636,16.947727280873647,0.03442233291979903,21.399070637630835,0.0687052157223726,8.098096,0.9690447,,,"NOT_AVAILABLE",5317.0,0.5225,0.9793159
3314079508140198528,66.07108444189181,0.040680587824492624,18.002788452502564,0.02182586731541984,21.403400079114224,0.0428075449678625,9.645082,1.257699,39.44363317489129,0.18026122086869295,"NOT_AVAILABLE",4773.82,0.1835,0.2633864
47729215646206080,64.4614863319336,0.125346595157097,18.475057785016197,0.0627864715008824,21.40793891632859,0.14122759650276068,12.715638,2.6984615,,,"NOT_AVAILABLE",3812.6726,,
3312748824191278208,67.14421556281931,0.3537294240343259,15.962033262560476,0.2633288343127145,21.418328212006497,0.34573733531643486,3.493082,1.1451032,,,"NOT_AVAILABLE",4987.0,,72.00048
3310919202484088832,67.09796084137697,0.3336785909424046,14.740891127798706,0.1924784229372174,21.419116187981494,0.3512039913587468,5.80953,0.45650816,43.579505399045885,1.7384598571211636,"NOT_AVAILABLE",7155.0,0.837,7.5941734
3314109916508904064,67.2017334200264,0.04535117373532867,17.285345827845028,0.021464687610748705,21.431024534860214,0.04704939896635623,7.685845,0.7737613,39.032410296066985,0.1521251488953069,"NOT_AVAILABLE",5903.5,0.0753,1.3566471
3314294771901304192,68.48158208668585,0.05684949182458217,18.380624889771354,0.027664891868472284,21.45798695854842,0.07227216720777939,14.997765,3.0592709,,,"NOT_AVAILABLE",3675.6667,0.203,
3311148828615843328,65.88520823022283,0.0560079266576767,14.670400927721095,0.028778488572197704,21.465177264931558,0.0628803606173286,8.877489,1.0237007,39.31727655729007,0.2609604600760948,"NOT_AVAILABLE",5200.0,0.074,0.48314643
3313173957234728576,69.38414925880019,0.12380249969080255,16.758792608016854,0.07722676935021112,21.531745433726634,0.1015757726315668,14.559554,2.933669,,,"NOT_AVAILABLE",3683.0,,
3309967059774839808,69.17010273981005,0.04794763184291323,15.86920936668838,0.02642942619485133,21.550600835990853,0.05474827411027704,6.517978,0.5971017,43.49405061722787,0.4094162935235651,"NOT_AVAILABLE",6526.0,0.397,3.8790934
47620265212420096,64.50816886804104,0.07267005228403328,18.256669985312946,0.03588301182800725,21.560795572481293,0.07113160723178959,7.354803,0.85064316,,,"NOT_AVAILABLE",5688.0,0.3945,1.8416271
3312575685471393664,68.64757642161557,0.04841521262353304,15.50450754424306,0.024509026190128767,21.576473558984336,0.05093390123523426,7.7725115,0.7931495,40.261661567348696,0.1399951998767274,"NOT_AVAILABLE",5852.0,0.0743,1.2389151
3312025001943976064,65.80251817058817,0.08276047726886437,15.712787150921809,0.047650600610592196,21.58092734231526,0.09857422059425318,14.345479,2.9949284,,,"NOT_AVAILABLE",3866.9502,0.5705,
45845378567048320,64.00657914515162,0.06779252910139809,16.98296836313519,0.0385733680622244,21.604090413591397,0.08031672755331289,13.78012,2.8325615,,,"NOT_AVAILABLE",3937.0674,,
3312498341699861760,67.24446758521347,0.10570034433317164,15.29359810677707,0.051376166296522134,21.62485818715587,0.12056090823094051,16.54255,3.6554441,,,"NOT_AVAILABLE",3441.0,0.3233,
3312445973164237568,67.93264049619303,0.5434642072728678,15.041010713181224,0.46142028656482253,21.663101644960815,0.6821454394159701,11.451049,2.0250683,40.40740386716726,0.9086167981886737,"NOT_AVAILABLE",4055.36,,0.06722791
3313662896312488192,66.11853471239752,0.0734304791241509,16.88605747548705,0.030881868997261502,21.66569209161861,0.06805301930502561,7.6564097,0.7804346,37.70532863969025,0.15423266985639278,"NOT_AVAILABLE",5758.4,0.087,1.3748597
3313978112552491136,66.02450502015766,0.1909049782102694,17.443989725755902,0.11480246025280223,21.66971159169791,0.2085209797074308,4.724478,0.2241621,,,"NOT_AVAILABLE",8174.0,0.465,
3310569798304869888,64.69650096561314,0.06966424298448647,13.366234498431917,0.04122557821987135,21.675284049144707,0.07422120090533496,11.270179,1.882843,38.87558415142323,0.5130314117279184,"NOT_AVAILABLE",4054.91,0.442,0.07934768
3307528033746225664,68.44479677156822,0.040298394313228944,13.251809373640203,0.02177878578863674,21.693701830170195,0.04652078205272579,6.5009675,0.5809455,,,"NOT_AVAILABLE",6565.0,0.397,3.8881888
3313665885609887744,66.77716109852189,0.11718850423366277,16.430095458248665,0.04852599768592103,21.697254332679023,0.12781621692533576,16.561577,3.6732016,,,"NOT_AVAILABLE",3489.42,0.2625,
3312899491645515776,67.37957012440589,0.05285396365163945,16.244695218729277,0.02156113771705019,21.699981900403753,0.05811286062364213,9.927285,1.3841467,39.41134358783126,0.5887037622086978,"NOT_AVAILABLE",4600.31,0.338,0.208944
3313653894061044224,65.99689378564811,0.05258797460281017,16.721469078289186,0.025782387616705756,21.71019816857066,0.055711933559412966,11.728009,2.0502758,39.107080179083525,0.3631877383860195,"NOT_AVAILABLE",3952.1602,0.644,0.05534392
3313778207594395392,66.81981669424533,0.04246623806588561,17.24171572182765,0.020944699227180823,21.743721080137597,0.04631050974726293,12.143844,2.2100258,40.369513075724385,0.40475763217681326,"NOT_AVAILABLE",4046.5923,0.352,
3313977356636886144,66.02740295647526,0.13345064331128895,17.444226738797575,0.06610404121942019,21.747691598193672,0.10664357171047999,14.500963,2.2955742,,,"NOT_AVAILABLE",3659.0,,
3313689422030650496,66.66765704827857,0.07035347824040732,16.74677694365919,0.028036291159959842,21.765215271986055,0.06892683877779782,7.9409018,0.8295064,38.401630327484924,0.15381544872435746,"VARIABLE",5781.0,0.135,1.0468141
3314185129974409088,67.12084126252604,0.29589333297939524,17.69591648706005,0.13297311258366132,21.8172207405771,0.23143953597304623,13.166224,,,,"NOT_AVAILABLE",,,
3312564037520033792,67.96910450542352,0.03943490678321448,15.499376849780678,0.018768405822308286,21.836692235162875,0.03778781673007124,10.49827,1.579176,40.44317894778473,0.2902023768526515,"NOT_AVAILABLE",4268.9,0.493,0.14072816
3314213025787054592,67.38218032682573,0.044448179264738964,17.893041427408473,0.020904975048083755,21.839417780702384,0.05087184658369588,8.731016,0.99149895,39.48329890802687,0.1136502427680242,"NOT_AVAILABLE",5342.0,0.1253,0.52312833
47715063730746880,64.64156503063818,0.09189626087733643,18.364587906418375,0.04197596642925296,21.852025759473303,0.110437358297948,14.62012,3.0259037,,,"NOT_AVAILABLE",4087.38,0.475,
3311000119668435200,65.5151639208218,0.12597116730467203,14.077106233421263,0.08312753399436378,21.852847596061153,0.14508500244648406,5.6299763,0.41945076,,,"NOT_AVAILABLE",7099.0,0.851,8.595771
47319961098840192,64.53805655927536,0.07176261760632842,17.416133992777503,0.04206365483795957,21.87511475750803,0.08587406804568824,14.729224,3.0031977,,,"NOT_AVAILABLE",4059.6675,,
47752481485851136,65.10512460159636,0.04939956383999385,18.742494527369594,0.02456306928385009,21.87807423411545,0.0514609304399651,5.9997025,0.5145521,37.272655712881146,0.8626941396288726,"NOT_AVAILABLE",6784.0,0.8707,6.0708213
3312613000147191808,67.93731544259715,0.060564278969226594,15.629246356377982,0.02786214909991256,21.885414645485255,0.06460262782834972,11.263473,1.9195614,39.683165811091015,0.24455407474798857,"NOT_AVAILABLE",3922.0898,0.5455,0.085256115
3312951748510907648,67.49101308172906,0.03883030059492299,16.67271860422926,0.019284179296415675,21.89653153588919,0.039147931289627215,8.853477,1.0292883,40.138868584835336,0.22677343432074654,"NOT_AVAILABLE",5164.0,0.119,0.4775469
3312197934506930944,63.89090542824412,0.05942188198436562,15.706167134953644,0.028998227885549784,21.94141648546758,0.0689663457992422,10.431786,1.5752487,38.49116709203465,0.6371498445682483,"NOT_AVAILABLE",4240.395,0.5295,0.15041287
3312613000147191680,67.9365677989029,0.06888455340569541,15.630154290092582,0.027799995197394727,21.954572378053342,0.07581221028921975,13.458199,2.7053165,,,"NOT_AVAILABLE",3875.6133,0.4367,
3313665885609887616,66.77787532104998,0.10976648829209382,16.42958363221491,0.046820593626358355,21.96150212739673,0.11472830072660171,16.63398,3.7817345,,,"NOT_AVAILABLE",3594.6401,0.4255,
3310634944368705664,64.99094772725788,0.1752763521099054,14.035122317501056,0.10289789561722576,21.974755183345987,0.1787634098041285,5.497301,0.38810778,,,"NOT_AVAILABLE",7400.37,0.6995,9.699464
3309420014084185600,68.46961789674955,0.08211554982525748,14.85076527719569,0.03781742246852892,21.990076252510278,0.09642066087812864,15.2252445,3.0427313,,,"NOT_AVAILABLE",3858.8333,0.2645,
3310814886318365568,66.13186164155279,0.06654721612540447,13.92855165102382,0.04052581349684033,22.00599919190607,0.07690932377210596,15.114616,3.1087885,,,"NOT_AVAILABLE",3717.0598,0.346,
3312849326426255616,67.64060589162723,0.2032186495384056,16.193904215762856,0.13037037840585475,22.035733795950435,0.2515860510387456,4.7065477,0.23240948,,,"NOT_AVAILABLE",8041.5,0.4623,
3312837025641272320,67.69550317234906,0.04845793276066546,16.148537246926157,0.022833012951933455,22.117074154136375,0.055975019465695136,6.3859305,0.58853483,41.399056681378745,0.47854353582487236,"NOT_AVAILABLE",6502.1353,0.5832,4.159604
3309170875916905856,69.73924477314428,0.1766335214262899,14.105479934245073,0.12008222786032288,22.118307474301226,0.19766639151357285,7.795711,0.8154535,41.96101186463022,0.21373742266995988,"NOT_AVAILABLE",5857.6665,0.1053,1.1536921
3312281669189449472,64.58083132608715,0.038452608227306805,16.088230860678596,0.024558227368018513,22.13534926959188,0.042075601679966476,9.28708,1.153718,38.638230527896646,0.4213873989386112,"NOT_AVAILABLE",5007.105,0.193,0.32303005
47319858019739264,64.59214816838129,0.5216664864481981,17.421422031711845,0.45858712639718907,22.140834690751458,0.6228793036340639,9.593794,1.4053535,39.2887820506287,0.1725221431328966,"NOT_AVAILABLE",4560.25,0.7295,0.27688992
3314063977537054208,66.37292139209056,0.5366422174707441,17.927773011460427,0.36354217586334703,22.194704125402314,0.45412219631506184,4.262473,0.06795359,,,"NOT_AVAILABLE",8947.667,0.318,
3312842042162993536,67.21904604267924,0.05939114592523454,15.981476408875185,0.02739300122720893,22.208878786472557,0.06493680737302017,11.246134,1.9049568,39.72524052413118,0.47548299618991585,"NOT_AVAILABLE",4000.0,0.58,0.080111064
3313606340183243136,65.98258654521165,0.04880914300634621,16.35408089769433,0.02512730735102972,22.22722792427187,0.051851185599248936,14.347058,-0.2857542,,,"NOT_AVAILABLE",8868.667,,
3310857011357831936,66.8508729356424,0.06161139082184243,14.118574502525442,0.028318209482866948,22.28850994563577,0.07507287287406503,14.491876,2.967929,,,"NOT_AVAILABLE",3419.89,0.259,
3314150048683152896,67.87159901746988,0.042474760577293845,17.718523175638552,0.019878489410406236,22.30614762380479,0.04683627656484388,11.183414,1.8823891,,,"NOT_AVAILABLE",4074.6667,0.535,0.080147035
3313541056680391296,65.92950129880151,0.05489642085781197,15.88080702620076,0.027815004236255138,22.320679742253688,0.06336457732693589,13.575476,2.6877508,,,"NOT_AVAILABLE",3845.5151,0.2563,
3312751882209460864,66.52488590800206,0.06941053979988501,15.524233927887556,0.03473839358304096,22.41212464159547,0.07632458061580606,7.335864,0.7219429,42.731353325808314,0.1514433994765166,"NOT_AVAILABLE",6099.0,0.052,1.6996404
3312759303911629952,66.58693600670517,0.3336458936132731,15.618210573808309,0.170479559458463,22.41409381475608,0.4968645312123053,4.3533874,0.36955404,,,"NOT_AVAILABLE",7114.0,0.7513,26.487976
3312381071912436864,64.47971913200992,0.10778372374009149,16.54438593365894,0.06555230549696234,22.48296564482279,0.12502205407331432,12.964265,2.6878557,,,"NOT_AVAILABLE",3876.9734,,
3312052249216467328,64.94886907387871,0.38182440137567863,15.627541217671025,0.3167559473437725,22.62342033471569,0.4613999858690468,3.2899854,1.22212,,,"NOT_AVAILABLE",4707.25,,83.79099
3309419984020071552,68.46261629353143,0.6870204256435649,14.844323075636645,0.2162708387712145,22.670278815332797,0.8799874247534156,4.544803,0.33996868,,,"NOT_AVAILABLE",7343.105,,21.861492
3307717596422556928,66.46572595684012,0.05644234486182275,13.502587368729502,0.03638332419291224,22.71924779513478,0.06413280045206066,13.93894,2.794136,,,"NOT_AVAILABLE",3639.915,0.235,
3313839574086963712,65.39848045811573,0.1639329104796888,16.89419794411575,0.06751777424328007,22.739101649323416,0.20166330400062688,13.972809,3.0703306,,,"NOT_AVAILABLE",3642.9402,0.8285,
3313207698500079360,69.6318837423358,0.04287598156395884,17.040559426262654,0.021702704785223584,22.788744485863784,0.0545016681605309,13.641514,2.8102684,,,"NOT_AVAILABLE",3790.34,,
3312960205303089664,67.48274178738423,0.04335757705210986,16.913916124845805,0.02229898612037101,22.821325099326067,0.04818516809392784,11.971117,2.1965075,39.38302864150298,0.6655767406310671,"NOT_AVAILABLE",3834.2476,0.428,
3313845106004931200,65.68711942079408,0.3044548990723368,16.790809418241206,0.24762427362345799,22.933185697947113,0.3365191987315553,7.66847,0.8464041,46.02404713706524,1.0684778901684682,"NOT_AVAILABLE",5712.0,0.272,1.2172875
45789269114357632,64.38492333077448,0.14621416895788744,16.949612326380425,0.07705370450273406,22.96558749098448,0.16138908617353404,16.594349,3.5576258,,,"NOT_AVAILABLE",3698.06,0.351,
