phot_g_mean_mag,phot_bp_mean_mag,phot_rp_mean_mag,parallax
19.67516,19.327755,18.054665,100.12281011049339
20.679443,20.340076,18.837591,100.23537188960785
11.539992,13.269839,10.292875,100.28345181005093
14.8669815,18.15911,13.332458,100.2929627748589
18.705324,,,100.3025667159543
11.099288,12.533538,9.908983,100.40536402450441
19.564144,,,100.42193680676196
11.456071,13.086137,10.267067,100.55992417936527
18.254353,19.025505,17.326023,100.5826048410471
11.707547,13.3935995,10.473135,100.61485253632038
9.125617,10.35009,8.059062,100.681067272193
12.957436,15.14696,11.574957,100.68301086475806
10.722715,12.564264,9.456468,100.72340027254124
19.130388,,,100.73763475524817
7.949504,8.848175,7.043171,100.7796606034136
20.240345,,,100.79595514427315
5.53002,5.985188,4.975006,100.81114786351303
11.992534,13.87542,10.703765,100.87409486641577
19.42003,19.320463,17.575813,100.94758781926706
19.33935,19.463118,17.521137,100.99520919091069
10.494205,11.993697,9.332253,100.99923367995058
9.55536,11.243953,8.182434,101.19824974003858
19.429295,,,101.2006115140549
11.043611,12.618479,9.84111,101.2625444904345
18.801203,,,101.29128006832735
9.516697,10.746397,8.434936,101.4334716492733
8.662821,9.812386,7.631885,101.46503365862492
7.4813223,8.323534,6.618249,101.51160676908225
20.998068,20.872652,19.434433,101.51218277026047
20.404356,20.742039,18.828579,101.51672875259578
11.923752,13.906849,10.603219,101.63707211435101
20.191172,20.132874,,101.64063485612458
9.58852,11.258765,8.143469,101.7169920108525
19.394245,,,101.81307843116402
19.729961,,,101.87311933542306
18.651499,18.145853,16.890167,101.96679202411768
20.536741,20.517406,18.881767,101.96728394023833
19.409796,,,102.00151024146344
19.94342,20.099186,18.23668,102.13242691297059
19.222965,,,102.22478261463239
20.605679,21.067513,20.026104,102.23383690930055
19.621725,,,102.3123926009138
20.1764,,,102.31534116203582
12.712725,14.79896,11.369578,102.32238159518654
19.898302,20.277617,18.48111,102.3288299486358
19.945532,21.690042,18.108,102.36514753515908
19.974989,,,102.4048420610465
19.50034,,,102.40897873039393
19.748526,,,102.4614195333898
14.927108,18.021116,13.395665,102.46377646481159
9.571479,10.917252,8.459858,102.5014991407405
20.989021,21.021156,18.852425,102.51686293616214
19.858545,19.166412,17.972273,102.5900571526373
7.840377,8.936042,6.812033,102.82949372268861
13.708708,13.949783,13.299542,102.89793978310917
19.295734,,,102.91484345783864
20.01591,,,103.0927462410596
11.58325,13.319241,10.338779,103.10652264665221
20.134087,20.440514,18.171032,103.12184605802202
20.507172,,,103.14405649521203
20.562815,,,103.15077573031618
20.47451,,,103.29726859691831
9.283218,10.496267,8.218951,103.3499876158996
18.97753,18.544733,17.008844,103.37359580571209
12.189252,14.095423,10.888035,103.3801872719969
19.021093,,,103.46167507676036
20.359165,,,103.52389830854983
20.537518,20.618536,18.777697,103.60042799536004
19.827553,,,103.67317081140514
11.5982485,13.225416,10.378657,103.7153344411858
18.774492,18.161348,17.047596,103.90976789558061
20.889458,20.187717,19.142237,103.96171352227118
20.980633,,,103.96282127008759
20.176376,21.627686,18.240255,103.96643571564849
12.065084,13.959555,10.766701,104.07056133024405
9.629209,11.032921,8.490825,104.15376002018645
20.409449,,,104.18179542564226
20.252605,,,104.22062517125842
12.365259,14.380983,11.0316925,104.31805994746581
5.082415,5.5072365,4.6056657,104.39042664378279
12.377964,14.282705,11.07908,104.50132479441496
19.575388,,,104.63739493419122
19.376875,,,104.69432818064568
14.55893,14.9210825,13.986003,104.74189888096791
5.719411,6.1726503,5.170164,104.78284408649982
11.844593,13.709295,10.558376,104.889199523468
12.697331,14.769631,11.356535,104.89034352571461
20.13165,,,104.92637523766194
17.260952,,,104.97561681473782
9.443963,10.749467,8.343406,104.9847698993541
20.146303,19.494116,17.952673,105.00222817181904
11.561821,13.426061,10.268137,105.12895990868641
11.839096,13.776661,10.53324,105.15549028303121
20.246244,,,105.16452258545989
20.529959,19.45587,18.987558,105.21852850788993
19.358034,,,105.29467758712049
20.504715,,,105.30875582926782
20.227743,,18.14228,105.31702515871095
20.575785,20.528694,18.207539,105.38505468953711
13.111662,15.416567,11.72669,105.3855650935039
19.803352,,,105.49980632205181
9.559102,10.9314575,8.433533,105.51218337086472
19.465918,19.291449,,105.51571993394829
8.999554,10.232776,7.9232774,105.56270817808243
13.276983,15.571966,11.8880825,105.56373090092418
16.031513,19.526424,14.422473,105.58545875999782
19.80477,,,105.66358192841669
9.462734,10.743996,8.374225,105.69405992926612
9.880358,11.189861,8.7924595,105.88296522004954
10.6753235,12.131635,9.520732,105.89080339017241
18.26464,17.862957,16.95844,105.93727659576984
9.160499,10.453803,8.053024,105.94657264883429
19.79658,19.480515,18.172358,106.03811863237262
20.911135,20.391575,19.934103,106.103911367937
9.15159,10.397993,8.0778475,106.21119207139508
19.890684,,,106.2115080742317
13.612926,13.789602,13.2439995,106.27036740229272
9.891373,11.379458,8.723103,106.27940889514961
20.134235,,,106.32952741286803
19.61515,,,106.45681909950459
19.419905,,,106.6036251393956
11.045496,12.457054,9.907782,106.70944856540754
20.642458,20.048155,18.865807,106.79054572043718
20.504377,19.947796,18.231445,106.82373067021499
18.68366,21.353254,17.00928,106.87403068411338
19.669668,,,106.89331177941442
11.057313,12.558429,9.8857975,106.92462077166623
20.0623,,,107.11654003304652
19.24441,,,107.12893605359476
19.099289,,,107.14261477012772
11.727539,13.405457,10.4943905,107.31059336276132
20.782883,,,107.3380357371929
13.491416,15.919392,12.0892,107.42138884600509
19.623568,19.603725,17.809717,107.54201577756706
18.332468,22.230947,16.634985,107.55989477132901
19.686184,18.852188,17.845947,107.59964009801521
4.655691,5.0698667,4.228615,107.62104629371117
11.65541,13.502651,10.379157,107.77588183744778
19.958193,,,107.84043895131545
4.000295,4.3638196,3.677081,107.85254212679109
20.841515,,,107.86395894956543
19.631128,20.822882,17.613525,107.89135220396508
19.974524,,,108.18192356947429
18.294136,,,108.26759618585253
10.551709,12.003142,9.400219,108.32629334226212
20.476673,21.467752,18.640686,108.46426661118383
19.626194,,,108.47741506912148
13.45789,15.940114,12.049252,108.53303144408952
20.267138,19.09615,18.592339,108.6171180193839
9.0444,10.572088,7.8565464,108.72308133706026
20.087011,20.181883,18.840502,108.77337548252706
10.711482,12.285716,9.516186,108.82526431729201
4.023946,4.4108186,3.6551647,108.89509781046185
20.518145,20.057444,18.924448,108.93953263463749
6.1820064,6.6256294,5.618151,108.95511037989432
19.344324,,,108.99848042035168
19.68448,,,109.01918132528128
19.84305,,,109.0453502380185
13.978917,16.898134,12.506527,109.05421841465112
19.899792,19.781475,18.525503,109.14994721026306
19.568214,19.94403,18.24327,109.18910092392386
12.991718,13.092446,12.756255,109.21556884164742
19.079775,,,109.23110099357818
20.43037,,,109.25781500701916
19.325394,,,109.3280588167028
4.59883,5.021665,4.18158,109.34091992793995
19.305164,,,109.3501832864963
20.493647,20.60464,19.295954,109.61194142049557
20.537596,,,109.62320613082167
20.064651,19.481598,18.058706,109.62761873352464
19.583136,21.185347,17.915071,109.64508641612827
18.82242,20.822723,17.060846,109.68582214733607
11.699886,13.622846,10.404382,109.692128628949
13.579352,16.113083,12.158516,109.80298277710763
10.631855,12.29547,9.415616,109.84117577719842
19.185934,,,109.84632036809018
14.307448,14.677825,13.764676,109.87941245212957
19.995358,,,109.90893141834542
19.3182,,17.43787,109.97729244935947
7.9489303,8.77488,6.670772,109.98374140446687
20.443848,20.813572,18.647392,109.99382174623791
20.002962,19.570955,17.90326,110.0685299162644
19.665459,,,110.13017228350938
8.523996,9.519985,7.5617185,110.16831008471398
3.1347244,3.8598707,2.705469,110.21697775945823
20.038666,,,110.25813880874867
8.891377,10.060189,7.8452516,110.29081039509289
19.55123,,,110.31769915494371
18.568426,,,110.32409552764852
20.14322,19.803663,18.282166,110.41855517457975
20.246475,,,110.41859526407487
20.54321,19.40006,18.657377,110.69874807305591
19.75554,,,111.02816750630062
13.430817,15.943033,11.98781,111.02913537654649
20.185019,,,111.03929514583966
19.436815,,,111.37128794803627
19.767828,20.574327,17.975533,111.48319090106601
19.167238,19.609165,17.492933,111.64771553012707
9.124109,10.358677,8.061077,111.84189452705121
20.162386,20.48213,18.903194,111.88884117061446
18.642973,,,112.02026265325425
19.320267,,,112.10445275883279
20.554895,,,112.24196513814152
17.174044,,,112.2449016276459
20.46734,20.761415,18.278866,112.25476877603538
19.87983,,,112.25889406786199
8.163064,9.372223,7.098206,112.36687869878432
19.666138,,,112.38845152827004
5.8554974,6.3889647,5.2330356,112.40048751874426
19.092302,,,112.43686215079049
13.206875,15.323529,11.4228,112.49358985474868
20.534286,19.81436,18.802399,112.55960021941708
15.926266,16.272833,15.283489,112.5653281106622
3.3684914,3.8125393,3.0698383,112.61088379234941
15.858983,19.317423,14.257748,112.63605235281489
19.715237,,,112.66797177519632
13.419701,,,112.67591154773608
19.374352,19.41344,17.732302,112.70051948133023
19.22247,,,112.72970952355118
10.280477,11.557377,9.193953,112.73723533609495
19.350595,,,112.95910245932838
20.556057,20.413815,18.72358,112.97960285520821
19.449696,,,112.99988259271433
5.8694224,6.4521265,5.2017007,113.02358882571852
10.665591,12.260366,9.465142,113.08969444521574
10.187084,11.720565,9.019214,113.11710151426976
9.371388,10.706459,8.258327,113.1205577721589
4.1788726,4.5611715,3.7920713,113.12402492796382
10.205118,11.70099,9.044758,113.14554479227753
19.998507,,,113.16284232868765
20.157501,,,113.16633049821729
20.413359,20.437778,18.364307,113.18308527299557
9.794256,11.026659,8.732737,113.20627126162574
20.319805,,,113.20732184494337
9.80244,11.032546,8.741893,113.34007877552304
9.224498,10.632148,8.085558,113.59996515905293
5.4532223,5.9543924,4.8848357,113.64807836084553
18.948122,18.428022,17.131891,113.69519981340993
20.107817,20.200686,18.803175,113.8056058447063
5.269504,5.722183,4.767901,113.81575770096393
19.511238,,,113.8514718428982
19.05026,,,113.85506229014382
8.848464,9.985539,7.8206153,114.13759229134239
20.459885,19.709871,18.547482,114.15801613697866
20.159369,,,114.29011148316695
6.217028,6.8200626,5.5304646,114.29676344006111
19.451408,,,114.3607225300555
12.590157,14.716456,11.237545,114.40069902504561
9.088786,10.347557,8.015388,114.41484421782016
17.518635,21.099138,15.868956,114.41666271874418
20.268858,,,114.44323918481842
19.714151,,,114.46558608888228
4.594314,7.022504,3.8097472,114.48666991814468
19.300764,,,114.67261130376984
20.189978,20.11012,17.929468,114.77159213233254
10.906408,12.541436,9.697702,115.03389445776632
11.579809,13.376092,10.318857,115.1985493039719
15.908699,19.082827,14.333307,115.30359264151424
11.109434,13.199355,9.784968,115.39973571786143
19.353868,,,115.46691813622323
20.683264,20.631474,18.940575,115.47505853805562
19.869562,20.54176,18.401312,115.56310250442353
13.092048,15.421047,11.7027,115.75756164338753
19.465849,19.671528,17.874233,115.7917608458945
20.01302,,,115.90308040820854
4.014689,4.4165998,3.6498833,116.1298269214075
12.1231575,14.152761,10.795392,116.15358522841444
9.282985,10.6354065,8.162718,116.41271929743458
20.336912,19.996119,18.967945,116.41843797163035
20.344526,,,116.5665604824554
20.687147,,,116.70677828793264
19.021282,,,116.73886144197581
11.767098,13.676033,10.479667,116.8095676223857
19.814987,20.255348,18.24835,116.84203188607479
20.492147,20.595308,18.45209,116.9188284876376
15.437707,16.118174,14.669679,117.1506252396507
3.987166,4.39077,3.630701,117.16788758126215
20.273447,,,117.3091111227724
20.705744,20.484596,19.265669,117.31492308534237
11.83251,11.902135,11.679725,117.32810331878989
9.490528,10.860535,8.367459,117.35603814633407
4.477233,4.9251175,4.054181,117.5730704618449
19.952723,19.131695,,117.67526837936698
11.673873,13.39229,10.433288,117.74101593106799
20.072369,,,117.83764180226565
20.841675,,,117.94789841054295
19.220232,19.215868,18.06871,118.12067538304072
14.38523,14.831918,13.772315,118.12427093474675
20.565435,18.888985,19.908815,118.35321610998976
19.655361,19.918732,18.327168,118.44786220255511
20.402533,,,118.56614618364486
20.382885,,,118.68823453426153
20.085335,19.810472,18.242105,118.72095598160413
20.236876,,,118.77603353884166
17.766903,,,118.88742797392236
18.811693,,,118.99720447825582
20.482555,19.59194,18.304716,119.04788778469546
14.576156,17.887445,13.008022,119.09619027997934
3.1213324,3.7542768,2.752319,119.11279002032472
20.815031,,18.60151,119.12793474067624
20.266264,,,119.20092649237155
17.820879,17.309582,16.26237,119.23800925059878
12.835808,15.0726595,11.468056,119.25476313447487
19.485611,19.651651,17.88857,119.29515717747462
7.75074,8.575575,6.656546,119.33987373101913
20.448532,21.100628,18.701746,119.36629438096871
19.165567,,,119.61586991261348
11.153368,12.929868,9.912992,119.71064446650152
8.97734,10.075691,7.4712496,119.79076835687037
20.077919,,,119.88003704186599
20.042112,19.760252,18.41316,119.92380086964452
12.913678,12.994309,12.701542,119.97523880714796
7.982189,9.016173,6.983926,120.17911529487839
19.99683,,,120.31883932080463
20.211205,20.12786,18.75339,120.38372715505216
19.352062,18.806423,,120.45353958253166
19.773457,,,120.56279082148339
19.408344,,,120.62833464490399
19.748892,,,120.67363019350313
19.613115,19.336367,18.271364,120.77402891382376
19.613184,19.82177,18.391262,120.79680103882882
20.069693,,,120.80470741854108
19.24735,18.632303,17.20847,120.83507460114114
19.792982,,,120.87867586324532
20.603899,19.774424,19.133348,120.92175180795276
19.596813,,,121.11550740191775
19.402843,,,121.1238712528443
20.038534,,,121.32111852397237
20.773859,20.108398,19.003626,121.32705728425837
8.933432,10.276658,7.8120403,121.42374778335062
19.84296,,,121.44776991543448
8.700078,10.076381,7.5616326,121.44867247133712
7.2520843,8.117403,6.372767,121.49178442073539
10.545187,12.141218,9.351351,121.7378892266424
19.710129,,,121.7877055086952
20.66272,,,121.81438134174999
19.442123,19.6493,17.645035,122.03032369497184
19.534197,,,122.04566431475102
5.4815745,5.975546,4.9180384,122.05515593526933
20.640093,,,122.06290426688052
5.6040273,6.110481,5.017446,122.13334113520919
19.526001,19.67263,17.543447,122.22039554059864
18.91136,,,122.26746066605794
20.18398,20.261421,18.441244,122.2796595896207
19.896362,,,122.2863962033717
20.572802,20.45058,18.885792,122.29735515312039
19.809538,19.028568,17.581789,122.31696091134609
13.788775,14.135261,13.272752,122.36527929405577
20.912704,19.749588,19.623007,122.42414961552673
8.73899,9.8398485,7.7225275,122.56089218888775
19.142296,18.71801,16.936295,122.56340772675891
20.444164,20.884632,19.271288,122.67640446016998
20.398905,,,122.80157686694581
20.81536,,,122.86797864974602
9.383165,10.867488,8.210818,123.05682256536944
10.665439,12.387353,9.433626,123.22044406264469
20.49375,,,123.22574224890015
19.82261,21.746798,18.083624,123.27575959979849
20.683382,20.832798,19.225086,123.55867317385467
18.619078,,,123.57173078579252
19.576687,,,123.57231417495268
20.072176,,,123.64624304973285
9.421499,10.7892,8.299046,123.75448674282065
11.839412,13.884759,10.501677,123.77457976946148
20.687006,,,123.8193688194253
10.093957,11.664725,8.902246,123.82147281727127
19.145876,,,123.91521999182892
20.105522,19.28917,18.337458,124.11727721033454
20.347557,,,124.24632378160658
10.978804,12.488929,9.813368,124.2526336867685
2.965426,3.5003886,2.721733,124.3489444116274
10.369367,11.819935,9.188269,124.38100754712372
20.478687,,,124.39174388070187
11.693838,13.553186,10.406259,124.40735133330487
19.981474,20.117155,19.246758,124.43029882952766
10.409575,11.8512535,9.133672,124.57402186049774
20.372622,20.115978,18.495857,124.63699112251028
20.547514,,,124.70540117267545
19.799294,,,125.03325825527142
12.044649,14.08934,10.708283,125.07723372187434
19.552834,19.325937,17.455172,125.08690327111381
19.207642,,,125.17728168157784
20.034779,20.086546,17.92424,125.22492532294649
20.837608,,,125.29567708405449
20.524227,,,125.48382636792896
11.878,13.802336,10.580307,125.58721928118922
20.070543,,,125.64390971344022
20.645002,,,125.83455859731546
20.205574,20.265577,18.283691,125.8995541785713
19.908031,19.872168,19.267176,125.92421636327154
20.251974,19.757347,18.661205,126.10284922249076
20.463402,,,126.12636563796644
19.83367,,,126.23780059998418
19.579746,,,126.37131845643425
20.663155,21.797281,19.359072,126.37905762401705
19.71841,18.92,17.753706,126.55072644146016
19.931051,,,126.70265124577216
19.613644,,,126.91483274950632
20.09583,,,126.91491694872902
20.958385,21.004763,19.052486,127.0082811344467
20.836815,21.672512,18.547686,127.11696994478035
20.910316,,,127.15189202446935
19.919054,19.2938,17.905054,127.1729633974614
19.3916,,,127.19123307455804
20.224556,,18.306787,127.22965423934498
19.988077,,,127.33386181267898
19.851326,18.994074,19.243114,127.34404672994535
19.551903,,,127.44504510054682
9.259383,10.542331,8.158014,127.47848562091643
19.304111,18.98349,17.977455,127.7450191464091
19.906181,,,127.80930283687688
20.69237,20.533445,18.451021,127.9845700393168
20.409,19.792944,18.382973,128.10851974279353
20.485704,21.069483,19.086714,128.38795302033725
19.501034,,,128.45629047867115
11.772652,13.723242,10.459343,128.4871449740559
18.25487,,,128.68888589884787
20.267628,,,128.74779888322215
19.891851,,,129.0002309507299
20.285736,,,129.00137717199735
12.799904,15.163787,11.403279,129.0022580603659
14.856849,18.330214,13.287826,129.05051023266373
19.934135,,,129.17599263655984
8.516651,9.6217575,7.4942484,129.39220239848663
10.408431,12.008722,9.211174,129.45887126938604
6.9265294,7.77223,6.056808,129.6231231919722
20.087065,,,129.7652266136735
20.348658,,,129.76684306865408
8.331304,9.508087,7.2742906,129.7887262404026
19.929836,19.620478,18.343008,129.79489502824936
18.494026,18.179907,16.80028,129.83353353506027
19.749538,,,130.13528449859083
9.460459,10.841886,8.33778,130.18703621101807
11.135715,12.904278,9.881357,130.30316459809544
20.244646,,,130.34641081907546
18.25535,17.423365,16.2742,130.38346897445624
20.373394,,,130.4346155938818
11.920307,13.771047,10.637127,130.77220441381112
20.259563,,,130.8259663089015
20.312,,,131.12899798471648
12.31339,14.475667,10.954593,131.1989788492917
8.206207,9.28459,7.1957545,131.24280752751795
19.713966,20.20578,18.529566,131.3037144059411
19.826908,,,131.32579322713804
20.40181,20.528915,18.822617,131.4359310586064
6.069085,6.698067,5.3720946,131.43796972495775
20.594034,,,131.4736748582231
19.962551,19.804375,17.572407,131.48993211754046
4.969711,5.463626,4.4534464,131.49034290979608
18.733824,18.90954,17.239033,131.6255638421826
20.30501,,,131.84417568794797
20.037483,,,131.884319302295
20.020151,,,131.9261567485305
19.646826,18.804005,17.569191,131.99439955815035
20.403137,19.601336,18.445724,132.35370021604328
13.788234,14.251359,13.114907,132.76924086534268
20.408493,,,132.78179902941028
18.68694,18.777605,17.087032,132.96736894291777
19.589254,,,133.05416490199622
19.57745,,,133.13465199872837
19.570862,,,133.36481786996
20.31997,20.180225,18.607208,133.56117328327048
20.458416,22.489122,18.903072,133.57595197251064
20.3332,19.956009,18.185915,133.5860084363639
20.232073,,,133.74681454047635
20.262003,,,133.74780711401286
11.466528,13.368598,10.188045,133.81133781197659
19.63979,,,133.82198036167588
20.546827,,,134.0020279620493
10.483171,12.299848,9.224438,134.08312552094247
19.893091,,,134.1410990405682
19.994371,,,134.15490458509964
5.4415445,5.9563203,4.846239,134.49901992997988
20.58124,20.473528,18.559443,134.52355589421649
18.86065,,,134.57952347875136
10.447698,12.10254,9.22132,134.59708293645355
19.780823,,,134.60197817779817
19.732735,19.700455,17.446629,134.75664437866874
19.990017,,,135.00360291974422
19.747179,,,135.1212879658358
17.96878,20.961243,16.280985,135.23324819455013
19.225838,,,135.39792289163555
19.914326,,,135.78003078864836
20.418564,20.437334,18.059189,135.78928837514087
19.890882,19.502958,18.527855,135.8381992322354
19.07982,18.754774,17.558592,136.2649210572041
20.712574,,,136.48764485890447
19.239851,,,136.50587122737036
19.444529,,,136.52462388694494
19.23097,,,136.60924576731406
20.201569,,,136.63366395718333
19.62581,,,136.89978988216205
20.689264,19.839432,19.18623,136.91890367970157
19.56481,21.099699,17.626677,136.9449292093296
19.780146,20.201256,18.160383,136.9925600002081
19.833864,,,137.20513488567897
19.223583,18.309675,17.291292,137.24945479225306
20.142878,19.453016,17.832542,137.25113612237737
20.097103,,,137.59417289661556
19.930958,,,137.5984513632494
20.99572,19.60681,19.266071,137.66657938732712
20.526846,,,137.7717995484633
20.094913,,,137.84764314241062
20.762894,,,137.92096163766126
20.243322,,,137.99992862038576
9.380334,10.614667,8.311312,138.01709484273184
11.554163,13.549664,10.239271,138.1781708715681
5.4779096,6.046221,4.8359847,138.20838805098694
20.271473,,,138.23225007330788
20.029867,,,138.3359383471595
18.94008,19.015247,17.63269,138.4324712166172
10.317788,11.972591,9.10831,138.46367651410037
18.462557,21.445272,16.780867,138.6098054742167
20.217289,,,138.65707951634212
20.268908,19.810324,18.467773,138.79964299739348
20.140003,19.617998,17.784054,138.94049655137763
20.698256,,,139.0142899616269
20.056078,20.686295,18.130337,139.023555138754
20.02808,20.670223,18.240932,139.04940240853045
19.521793,,,139.2514952643784
12.640235,14.973762,11.253122,139.3100408404015
19.713219,,,139.36898054900502
18.904634,,,139.65968413594908
20.68215,,,139.94706578484707
20.010206,,,140.23766335102832
19.704277,19.516167,18.079819,140.31666338642702
20.772274,19.848764,18.737164,140.41542979425088
11.913893,13.826868,10.61971,140.5559176992004
20.282936,,,140.82537827663515
19.54398,,,140.86126054885347
20.249668,19.613194,18.635956,141.03205269325608
20.373114,20.763393,18.820347,141.05304487492333
19.64842,,,141.46625558877815
19.376682,,,141.56463070920918
14.083271,17.35195,12.549564,141.68647043922485
19.417467,19.358038,17.829977,141.702237568522
19.761444,,,141.76165627260124
20.761202,,,141.87602758390668
19.55665,,,141.89163384417074
7.7556267,8.812867,6.763806,142.0340682313454
10.824549,12.441379,9.621043,142.05218760508035
19.83774,,,142.11891904261972
19.224176,20.871483,17.231005,142.18692293583916
8.673735,9.907301,7.603316,142.1884680409323
20.48433,,,142.36633772450176
19.94592,20.283236,17.83156,142.58453743890098
20.083721,,,143.06121728299064
19.817045,19.980131,18.346672,143.17416348555406
19.807915,,,143.3849770112743
19.231373,,,143.4523760633718
10.278526,11.936738,9.0631275,143.49708034005224
19.838703,,,143.90636757041028
19.944147,,,144.0644262628923
20.877348,,,144.06759258966625
19.635054,,,144.1469574583044
20.359957,20.378222,19.091959,144.33765770143305
20.466259,,,144.47930219645025
20.075022,,,144.51345375026216
20.828583,,,144.56957969399267
19.59249,,,144.62980297409445
20.01784,,,144.74621354056205
19.701914,,,144.83003871052603
20.827099,20.99227,19.241219,144.84199527808454
19.305485,,,144.9138583579012
20.801466,,,145.0994796351356
20.539545,20.085102,,145.16372865090548
19.116419,,,145.1921530497691
11.375742,13.155871,10.15926,145.47565953760886
10.046943,11.500917,8.9095335,145.54664812904232
7.7931223,8.91928,6.764026,145.61065949402743
20.347263,19.434332,18.231987,145.72799611723696
19.311018,19.776941,17.363916,145.81052372731912
19.411915,,17.139545,145.85863605908904
20.036963,,,146.12212760573547
20.184164,,,146.23336135751182
20.363848,,,146.40451391545838
20.12853,,18.170994,146.60348812250865
20.015745,19.615166,18.377731,146.6710056853479
20.112715,,,146.98299727523658
19.544813,19.002365,17.410858,147.1082995813059
20.645094,,,147.2704295791073
20.007862,20.784206,18.345032,147.43509781036545
19.146835,18.258245,17.00025,147.59768882571512
9.100759,10.590824,7.9334736,147.6126435927061
20.559324,,18.239462,147.66305742614898
20.636707,21.101986,18.907694,147.84255777814099
20.48916,19.743954,19.18977,147.86391415852063
19.939005,20.14665,18.909935,148.10264394918082
19.877317,19.849352,18.249317,148.11506161141364
8.969822,10.300479,7.8592577,148.12830339335176
19.202188,19.925617,17.54042,148.15466371748573
6.417057,7.1500115,5.623096,148.21309388594662
19.355534,,,148.2691643258044
19.39975,20.228716,17.797308,148.40122683849125
4.421844,4.8765697,3.9637854,148.51948741815508
19.976082,,,148.61255979114904
18.847986,18.782171,17.638964,148.80798194546023
19.923933,,,148.86107879689123
18.929523,,,149.1144881015743
18.992931,,,149.4197408836287
19.790867,19.51247,18.62628,149.5858321972171
11.225999,13.034347,9.9676285,149.84233466435973
19.743366,,,150.0403826235545
20.507885,,,150.0476799723114
18.932426,17.831896,16.915695,150.22580397224286
19.682634,20.22137,18.396229,150.26110900740525
19.264782,,,150.40359174171098
20.607777,19.987806,18.414759,150.44364875443466
19.673515,,,151.07739842339512
19.766495,,18.410862,151.10289453299313
19.74443,18.989902,17.577982,151.10306900006725
20.527386,,,151.26989338589303
20.54153,,,151.27303499762064
18.731918,,,151.3209086565343
20.19879,,,151.53213845499963
20.875044,20.355253,19.57789,151.69498338798311
19.041262,,,151.71714998767723
20.51505,,,151.73156791457995
20.507158,,,151.85654196226292
19.916403,,,151.8851391859571
19.798254,,,152.02011559699577
20.396458,,,152.41072480376164
20.269024,19.065992,18.663795,152.46220519939078
20.774216,,,152.46416400272432
19.937317,,,152.9019960837972
20.110706,21.036541,18.28805,152.98143134323774
5.207887,5.7881713,4.5803795,153.0807790633365
20.631853,20.044724,18.905886,153.25421815372974
20.124916,20.206003,18.202833,153.59523776255782
11.132874,13.011505,9.848638,153.7816385442303
20.546064,20.235266,18.49621,153.79637572319186
13.838369,17.075375,12.321484,153.8139107849944
19.69497,,,153.86774553359174
10.435355,12.02626,9.242728,153.9189114541277
19.9382,,,153.93116022224947
9.137018,10.369304,8.069114,154.4709614382219
11.9366455,14.120583,10.573101,154.5077036706004
20.312292,20.939924,18.239355,154.92079559457247
18.963589,,,155.16861184874097
14.250224,14.760708,13.604291,155.25009073263988
20.83016,,,155.41932513867633
20.315145,,,155.46814471568484
19.840656,20.545103,18.355772,155.48805384156142
19.16036,,,155.56952360900664
20.543732,,,155.59383757582654
15.465377,18.919798,13.873178,155.75895913762622
20.38981,,,155.7937787383706
20.01822,20.279926,18.332603,155.8232022792075
20.304657,20.854784,18.815933,156.09835022744485
19.23719,,,156.12398615501357
19.925346,,,156.18489635067598
19.739079,,,156.31320873462778
19.652222,18.881645,17.638836,156.44176891073585
18.954489,,,156.73281089451953
13.432293,16.368795,11.9472685,156.75836404049457
19.335785,19.543083,17.90566,156.76056196141352
19.989983,19.464052,18.244518,156.81648363824038
19.91051,,,157.00280273407375
20.118063,19.973797,18.638042,157.03330552790115
19.7099,19.29105,17.976625,157.2370524319437
20.2754,,,157.3851178693775
19.903461,19.852747,18.423418,157.75312626516612
18.42703,,,157.77977633047226
6.968851,7.8828425,6.059378,157.87962370301153
7.047747,7.977858,6.1249504,157.88508035574986
19.162962,,,158.0233873031416
19.309477,,,158.4860263423466
20.856247,20.224054,18.868658,158.60123116267903
18.981794,,,158.60871055002116
20.327988,,,158.6599222021897
9.410998,10.8359995,8.267561,158.7491998297578
19.71135,,,158.8155451531222
18.813354,18.832987,17.895365,159.02528504163405
20.056025,,,159.36450423390932
19.685358,,,159.51690125408408
9.037577,10.53508,7.8673735,159.70981467865923
19.279512,,,159.99209753315301
10.8188305,12.713901,9.541893,160.05981533974634
20.40317,20.564451,17.94431,160.10387610573505
9.878824,11.594122,8.661581,160.11411369899923
20.882978,20.89676,19.091505,160.1798251905383
19.549568,,,160.18636748985293
20.030233,19.703661,18.306019,160.3293292859708
20.05128,,,160.36729649407908
19.545069,,,160.40407140737867
19.72511,,,160.79001511954863
19.094046,18.85061,17.48535,160.903184950721
13.788665,14.18268,13.188168,160.98193852976686
19.957949,,,161.09782854840944
20.371128,19.996056,18.497248,161.68878035102188
20.441006,,,161.74734211311764
20.632912,20.928602,18.69143,161.77996095686842
19.308552,,,162.0853627305627
19.833122,,,162.28005249137237
19.076471,,,162.31811278210685
19.33942,,,162.32066075084043
7.235161,8.209144,6.293289,162.32122088055146
19.741257,,,162.44288491969797
20.212408,,,162.8968439056598
20.401974,,,162.90690219089117
20.690044,20.186188,18.58681,162.99580853320026
20.753763,,,163.08758741785573
19.710684,,,163.1753331038633
19.656452,,,163.19261562534507
20.478899,,,163.2611238370652
19.311972,,,163.40666395427957
19.458128,21.381676,17.488922,163.68235041897879
19.361322,,,163.69666863748907
20.556303,,,163.81801062983067
19.920326,20.291378,18.683714,163.88861219194135
20.598753,,,163.8987853453823
3.26637,3.9253504,2.8556297,164.05256998292575
20.20618,,,164.18428284345126
20.00902,,,164.40135662695144
9.925161,11.758975,8.654582,164.63953198750932
18.451014,,,164.71703605985508
19.237421,18.741625,17.683043,164.80092920326157
19.468365,,,164.9034589494434
18.99458,18.950926,17.339746,165.1374156235507
20.506735,,,165.23162716390445
19.832352,,,165.40126629694547
19.999163,,,165.51466100124088
20.643852,,,165.75614624576542
19.747873,,,165.8051762412019
20.417576,,,165.83367504474464
5.002799,5.522992,4.4344983,166.22737057822886
19.872799,,,166.3272373504603
3.9813974,4.469997,3.5530746,166.5610187889093
20.92088,,,166.79693536920007
19.630426,,,166.87306817542137
20.712385,20.947908,19.366253,166.9027617738198
9.6806555,11.439723,8.436342,167.0186416392274
19.635433,,,167.11503999205672
19.125622,,,167.21499988634426
20.723337,,,167.27122198174007
18.940928,,,167.28325711501833
19.705515,19.817081,18.313925,167.5699115148601
4.795791,5.3100495,4.263055,167.77642835608754
19.719069,,,167.80723817071726
4.7836013,5.31325,4.257104,167.82209901653457
20.110233,,,167.93071061104058
5.8717546,6.5540805,5.1507306,168.06889966945778
19.215961,19.292627,17.736753,168.12011049451905
19.832428,20.833961,17.908485,168.36956219505447
19.414764,19.620367,18.235695,168.6002035228565
20.425436,,,168.65017091451614
19.334562,18.956406,17.338423,168.72443626001655
6.754737,7.631383,5.8678718,168.75206812358098
19.663948,,,168.92055681477737
14.321193,17.726397,12.754097,168.96203617249913
8.270498,9.587052,7.1512346,169.00743886911476
10.740485,12.543887,9.491452,169.09211130935853
19.25691,,,169.13219551154268
19.918264,,,169.1465033964063
8.097597,9.375483,6.9938793,169.1589925925216
8.149554,9.237461,7.1325083,169.35848506783154
19.671146,20.193518,18.238895,169.77005795981984
20.137043,21.112593,18.408602,169.80824505281626
20.116318,,,169.81644737602846
9.581114,11.017949,8.431693,169.86133342703422
5.3311167,5.984601,4.665776,170.01122023429082
19.303873,19.32533,17.665956,170.55187628188224
19.45951,,,171.2267181893413
20.725374,,,171.28205470254295
3.187318,3.7761438,2.869109,171.28605201867305
19.400917,19.634272,17.868755,171.29722211322385
20.29103,20.643194,18.562082,171.79166115102055
19.851936,,18.00182,171.85099564669045
19.814129,20.188547,18.23149,171.85721087223993
20.050198,19.455915,18.163385,171.92420995343338
20.084675,,,172.0444497124407
19.160372,,,172.18996937416162
20.760147,,,172.4259522475009
19.777845,19.99365,18.468527,172.61251288461105
10.099132,11.760633,8.885994,172.70677984485664
19.708666,19.33543,18.0607,172.72389673146932
20.280237,20.507416,18.872137,172.91999137123088
4.3838186,4.8807735,3.8977695,173.24049947481834
20.741865,,,173.29830441659217
20.15368,19.647839,,173.470878488455
19.697674,,,173.55960687135587
7.307239,8.3862095,6.3040547,173.69551180989998
20.48982,20.247332,18.713129,173.75726814342056
19.752,,,173.93962663039832
20.571217,,,173.95745541538878
20.286411,,,174.04886812147603
19.525713,,,174.2173767385
19.598066,19.721563,18.16176,174.3214292882704
20.009094,,18.387295,174.41418932426498
18.949223,,,174.6793266215829
19.110928,,,174.69970223856905
19.821274,19.366894,18.219475,174.79239469564263
19.317926,18.912567,17.606298,174.88100240634128
19.668736,,,175.03084003233386
7.0985155,8.206908,6.081163,175.42872891545076
14.869222,18.444296,13.284576,175.82439068924938
20.434273,,,175.83668184630713
19.461025,18.993952,17.361004,176.01382094584844
19.983969,,,176.17228028859137
20.138311,20.173307,19.149351,176.36437885987007
20.086393,,,176.43209294989748
20.49288,,,176.4947273089103
20.593449,20.473528,18.964613,176.68468047843075
20.047129,19.887505,18.708626,176.72345100503645
20.32977,,,176.97497513297506
19.481546,,,177.44409744023406
20.03556,,,177.5448622874483
19.443989,,,177.6046317266793
19.693186,,,177.81025784337373
20.903807,,,177.92723396395996
10.071571,11.761825,8.850441,178.12430305478588
20.127926,,,178.68491251008876
19.62094,,,178.70376784880716
20.298828,,,178.7333771304715
19.829922,,,179.0164756658454
8.855181,10.277987,7.713395,179.164208148064
19.46935,,,179.21039991009434
19.700848,19.46677,17.553776,179.3222793498802
19.599102,,,179.6612724703458
19.805744,,,179.73274787952923
19.575914,18.902296,17.588774,179.90381612168065
19.956072,,,180.05537486711518
19.649426,,,180.15690393631533
20.460918,,,180.2016013120983
20.070929,20.8837,18.28577,180.38164075818702
19.893316,18.974014,18.504074,180.41165081499344
9.6981125,11.377001,8.464423,180.42146832690443
19.25764,19.433065,18.087238,180.77402429780807
20.070694,,,180.80496474426903
18.913465,18.43978,16.971655,180.95800380516928
19.722063,,,180.98121723503115
12.352744,12.494153,12.060236,181.28152953703142
20.857,,,181.45839025794686
19.160366,,,182.31501160530885
20.81266,20.143068,19.120892,182.6425286377568
20.755308,,,182.7347578474681
19.876102,20.324396,18.11997,182.7916439648595
17.846872,,,182.88141438303526
20.254114,21.081764,18.525988,183.4902893200095
19.578354,19.472178,18.171402,183.6325825919938
20.83975,,,183.79892840551642
7.6067557,8.699294,6.5862546,183.98355615503044
19.46343,18.500937,,184.01465569212107
19.70827,,,184.03226808489848
19.341837,,,184.62761175041683
20.07663,20.036955,18.891638,184.7190838349262
19.688099,20.016966,18.198095,184.81841490967247
18.961863,,,184.83880291713422
19.618479,,,184.9190667309187
19.456186,,,185.10539786826035
20.089603,,,185.8039984473438
10.646672,12.439333,9.396916,186.02313554912212
19.689142,,,186.03979055722704
20.210148,,,186.57335359544936
19.426989,,,186.79913147594118
19.537323,,,186.88371992060834
19.347239,,,187.20922270043226
19.790821,,,187.24447302055557
20.990377,,,187.49582176080008
20.826475,20.7603,18.695099,187.8227259076362
19.807455,,,187.82662518311497
12.755746,15.537452,11.297024,188.04978670239896
19.082321,18.595242,17.544586,188.28561380269218
19.400732,19.0324,17.484161,188.4844778807219
20.622534,20.263319,18.841515,188.58776016225644
19.078552,,,189.27541670125518
19.385885,,,189.46027752295646
19.916145,,,189.53683267949512
20.003757,,,189.84712870055642
20.669544,,,189.88032887035774
19.962101,,,190.08179182772895
20.047382,,,190.24309192858678
9.540174,11.073761,8.367872,190.26245327707687
19.561455,,,190.32542726169038
19.593615,19.504982,18.84043,190.90830861414486
19.719755,,,191.13573357014548
19.315763,,,191.1998469828047
19.49484,18.511368,17.940321,191.50339955330278
20.007257,20.920275,17.96441,191.5300686247612
20.669762,20.82052,18.99039,191.69121170708593
20.083338,,,191.92355907392178
9.896644,11.57932,8.673811,192.06747753014994
19.023441,,,192.13477826815014
20.227657,,,192.24225526773498
19.9272,,,192.2574254116051
19.749025,,,192.35513221123819
19.364458,,,192.53067301359508
19.4237,19.165352,17.472906,192.53777362953332
19.145693,,,193.15450286796215
19.291655,,,193.2519336835041
20.537407,20.013,18.632135,193.4936030298632
20.258179,21.310528,18.221884,193.54572392679177
19.90243,18.8778,17.993273,193.5838460684591
19.695618,,,193.98007435439447
19.138899,19.30284,17.004118,194.14232772410168
19.22211,,,194.37287625937483
18.839298,,,194.38035858898468
19.761385,,,194.46084653561496
11.974409,14.33817,10.551051,194.7224955002911
20.512438,,,194.7913312517636
19.87974,19.052904,17.829216,194.87915238569718
12.491457,15.040483,10.969176,195.08364787599643
20.630833,,18.723637,195.13895597016761
5.50308,6.23041,4.7530594,195.2165586108077
19.824492,21.085033,18.2441,195.26906083879427
20.21926,,,195.5536247567868
20.100916,,,195.65682567621636
20.615,,,195.72751879834973
20.34215,,,195.79389652229648
20.34098,,,195.89971972295518
20.63085,,,196.210841003653
20.245224,,,196.23783532050487
20.368406,,,196.31093256022598
19.315073,18.730747,17.368862,196.32756550876627
19.581942,,,196.43191368239445
20.215736,,,197.0732246551869
19.278322,,,197.1360927061374
19.643599,,,197.32206177757047
18.911509,,,197.39510113029272
9.000006,10.54333,7.8088193,198.0112096934385
19.68398,19.022753,18.160923,198.0351776754029
19.660475,,,198.51784607799468
4.107055,4.633211,3.6023364,198.56566330273023
19.52615,,17.89294,198.81414596709158
19.804728,,,198.8847075451604
19.595272,19.390484,18.06462,199.19176653389002
19.616383,,,199.39525198101452
9.760605,11.510678,8.519115,199.45515379196507
20.060696,,,199.68808909980544
9.570247,11.223362,8.336092,199.7031040708767
19.752783,,,200.02609332672836
19.674631,,,200.08269914859503
20.050894,,,200.31963106493254
20.072638,19.373514,17.90723,200.7716234463817
19.215458,,,200.78550389258777
20.679247,,,200.94558957924406
19.2171,18.285957,17.215183,201.02466697339136
8.206579,9.628085,7.053171,201.36831861385065
7.7376122,8.919732,6.6760373,201.40726525568854
19.167332,,,201.4221051253429
19.843119,,,201.5516128843257
19.09666,,,201.62280685993952
20.539558,,,201.87924425165218
20.48624,,,202.4360456806613
20.120882,,,202.82101000687788
19.803555,,,202.97321623980648
19.55512,,,203.03337388826077
20.338228,19.658289,18.362352,203.07375902392596
19.934008,19.294361,18.140842,203.43471434711302
20.573477,19.79751,,203.6573007836551
19.636696,19.574713,18.221169,203.84502339260888
12.274656,14.739346,10.870428,204.05915550532745
20.237411,,,204.37562381399792
19.199894,18.838972,17.487497,204.5787597552625
19.884531,,,204.95116148861243
20.063433,,,204.96636579427638
19.942026,19.544495,18.291147,205.01334464057032
20.516108,20.282219,18.516666,205.05511348869365
19.554672,,,205.27616348311628
18.610435,21.300962,16.802402,205.32664070988034
5.9479012,6.7998986,5.083686,205.39166009104642
19.401424,18.658377,,205.63776708752695
20.199873,21.086292,18.591093,205.9430486607113
11.780395,14.096053,10.40463,206.2134325090654
19.203577,,,206.26360540076857
11.861345,14.188691,10.482669,206.81719717743016
20.068367,,,206.83969955321177
20.2919,,,206.97780129128014
20.171951,,,207.2596606216391
20.89776,21.52635,18.882294,207.65424120027183
19.706587,,,207.9536027286229
19.447107,19.135187,17.848108,208.06064331214162
19.73625,,,208.11359336908845
20.760546,,,208.11964412535073
18.964212,,,208.4030209936312
20.794678,,,208.62962472782937
19.745354,19.079386,17.691738,208.65020621492317
19.689592,18.768349,17.625895,208.7968810119391
19.800999,,,209.79727792738277
19.245451,,,209.81481049938165
20.09933,,,210.16264671514537
19.593248,,,210.4271666283348
19.986029,,,210.45995083296287
19.722166,19.22106,17.8525,210.78096440702356
20.608995,20.455133,19.13489,211.03441822924378
18.988796,,,211.20233677072443
19.7728,,,211.26585762521685
20.457952,,,211.44790850540656
19.874224,,,211.61335120194175
20.748352,,,211.98300115661806
19.95342,,,212.1499795687965
20.022718,19.496733,18.342098,212.50166859874165
19.715076,,,212.89033714277377
20.36575,,,212.9215396220671
18.280592,,,212.944887199561
11.4663,13.746938,10.035226,213.13289347323374
19.41329,,,213.16712155788437
20.06802,20.182905,18.288296,213.30223194567074
20.663134,,,213.62262696243744
19.82589,,,213.83684277392473
8.8752985,10.477265,7.66184,213.86686187906741
19.291273,,,213.88586872182879
19.793652,,,214.12832682675491
19.797358,,,214.2093616687974
20.573753,,,214.28163013129947
20.587019,,,214.32787385984724
19.906826,19.569721,,214.47141199572906
19.323729,,,214.51140840430068
11.919046,14.353372,10.51147,214.5284635401693
20.318737,20.18365,18.043413,214.65179590063173
11.431774,11.507223,11.235157,215.73725751976664
19.83932,20.193396,18.495913,215.97056202759333
19.663515,,,216.07162260460188
20.559294,,,216.2200649553922
19.119446,,17.21945,217.0889880407299
20.700499,,,217.26774084145805
19.091904,,,217.3161575791669
20.262806,,,217.4837267996803
19.83684,,,217.90867715484325
20.55662,,,218.64484598675128
20.766619,20.620222,18.71993,219.11311715566802
12.849301,15.960091,11.358243,219.11590478117833
8.027544,9.411894,6.8859506,219.7807268372406
8.330632,9.681358,7.2156477,219.801249124267
19.676298,20.384829,18.068707,219.91819659834346
20.488937,,,220.03095622779452
19.468287,20.155785,17.863583,220.38634797814723
20.001415,19.37926,18.00216,220.41347573348384
20.983816,,,220.61842178708102
20.436192,,,221.24310935815598
20.411535,,,221.76135435524122
18.93134,,,221.908039447819
20.205906,,,221.9276363903403
20.469254,,,222.41780214740237
19.942976,,,222.51336863052734
19.67827,,,222.89504227734542
20.614155,,,223.4719362054039
19.542269,,,223.57744215554766
10.671143,12.582909,9.409162,223.63488549500343
20.121302,,,224.11968186410786
18.967573,,,224.45691012986464
19.898655,19.242302,17.845402,224.70651277062203
20.82398,21.12051,18.811462,224.93680679088627
19.65719,,,225.3294880110832
20.584175,20.347921,19.234116,225.413268200584
19.744087,19.719357,17.4634,225.67096108620584
20.028742,,,226.41578661700007
20.880953,,,226.79384597561065
19.586895,19.650097,17.201868,227.2528137521946
19.157455,18.503035,17.108053,227.32756523532984
19.39087,,,227.3346691906331
20.503387,20.338442,18.643354,227.5203372997578
19.383253,,,227.7022908229781
19.49484,,,227.74525718205658
18.401869,,,228.30057522783272
20.922165,21.285658,19.315727,228.3618255123087
19.846209,,,229.194116359158
20.534933,,,229.34600951180184
19.814917,,,229.6941928200165
20.678238,,,230.1267933725477
7.681889,8.823783,6.6272726,230.13312381702306
19.592743,,,230.23784821271295
19.693056,,,230.79205966180174
12.312182,12.553107,11.942708,231.73749950956855
18.438332,,,231.90193546306318
8.794438,10.343187,7.604152,232.2095316706233
19.88721,19.82988,18.444077,232.7283946934219
20.38164,,,233.22672113886108
19.89196,,,233.27833706171936
19.357994,,,233.28963350735617
19.884108,,,233.35952935132167
18.964037,18.836481,17.310747,233.73387819003472
20.498531,,,234.80461782968973
18.508896,,,234.8979765818727
19.202787,,,235.4415479623622
20.312874,,,235.6831974134777
19.956852,,,235.7658583966294
19.709528,,,235.92688129981428
19.515356,,,235.96772631703865
20.340649,,,236.28699581901049
19.671001,,,236.59513553064505
20.056503,,,236.8847305434511
20.408937,,18.872269,236.9066261896997
19.582182,19.299524,17.70897,236.93349491466032
20.308084,,,237.0374643202394
19.658428,,,237.08795629278566
20.020555,19.58157,18.290323,237.28906784876074
20.43443,,,237.67681952156516
19.609245,,,237.90875521465924
20.174309,,,238.45732637809118
20.531958,,,239.5687826672412
20.807894,20.996262,18.914188,239.64270398904767
20.400732,,,239.71386984551415
19.45011,,,240.30052859978795
20.220648,,,240.341334819937
19.267296,,,240.61251393046507
19.538054,20.154783,18.115984,240.71712194547857
19.301298,18.64591,,241.12955409090634
20.34756,,,241.53062340233572
19.609499,19.040186,18.248186,241.57480216619322
19.958693,,,241.8980352404422
9.580622,11.375903,8.275747,242.96589017595667
19.603666,,18.428345,243.1799424264551
16.22971,16.72367,15.493129,243.6717714673821
19.430328,,,243.69648702437883
20.013735,,,243.92476955583365
20.200089,,,244.28808029642602
20.5493,,,244.41216226648515
19.110874,,,244.41377181805362
19.270493,,,244.7995774676269
20.238491,,,244.81233864627325
20.698416,20.879211,18.424376,244.89759479207729
20.503916,20.343521,18.586098,245.04581057802335
20.770494,20.760174,19.180315,245.38000731736832
19.553493,,,246.01960431678847
14.020039,17.629583,12.432368,247.215684798497
19.974922,,,247.25238097724005
18.706017,,,247.31988003952617
20.115715,,,248.02773101769262
8.641353,10.015679,7.323633,249.39262934847932
19.830294,18.807259,18.366861,249.48314108538682
14.022841,17.592464,12.450136,249.91865663210095
9.911301,10.901043,7.987119,249.9668402896291
20.593948,20.919155,18.541513,249.97412516127005
20.637716,,,250.00204306754395
20.525154,19.507008,18.409748,250.0824141778211
19.376785,,,250.21195838170746
20.489115,,,250.38628541775316
19.278482,,,251.32196541976307
20.719732,20.210608,18.561472,251.3953307314905
19.307482,,,251.71321810796576
5.975083,6.909314,5.0622807,251.82949243686906
19.935242,,,251.8430537032946
18.93525,,,252.0294214142086
19.413982,,,252.26485673821878
20.464317,,,252.3865095356804
18.150953,17.855843,16.684046,252.5880375279076
20.630013,,,252.65143487952884
19.091265,,,252.81873792946612
18.492662,17.282072,16.643206,253.59861187597795
19.585289,20.005957,17.283535,254.08639604589666
8.061977,9.1106615,7.077026,254.22634342595245
19.378107,,,255.2128886355319
20.322813,,,255.749077126007
20.55472,,,255.9315533724154
19.56515,,,255.9551111276462
20.671291,,,256.19881192067515
19.032333,,,256.2382543084312
20.127237,,,256.8433590024403
20.945463,21.046068,18.825453,257.39447465990435
19.638332,,,257.51828782767257
20.65417,,,257.7355965341963
19.97367,18.957115,,257.7864101121367
20.410675,,,257.8260219985614
19.904655,,,257.95927925532885
19.4302,,,258.27841287137215
19.73949,,,258.3635848642398
19.236551,,,259.1037028364446
19.472137,,,259.23640764932355
20.5688,,,259.40389203051325
18.947826,,,259.647771113283
20.31329,,,259.71121248241104
19.541162,,,261.01111670873667
12.274646,15.347644,10.784422,261.01472176372016
19.719307,,,262.44607891880423
19.244728,,,262.5845732103351
19.58806,,,262.94556016682617
19.775715,,,263.38457543031905
19.437979,,,264.07447474978613
20.583094,,,264.1678930109425
19.181913,18.424662,16.989477,264.18720823381364
19.028154,,17.24008,264.2851059237383
20.52491,,,264.3471406111961
19.222008,,,264.5087009443856
19.8174,20.133636,18.183847,264.6778030639471
20.063795,,,265.2640360212478
19.36034,,,266.54660031909793
19.731422,19.785872,17.762115,266.7517960569126
20.353142,19.694836,18.158476,266.93891695707526
20.116089,,,269.0317715192985
19.030369,18.35934,16.985132,269.1880131536063
10.429373,12.356139,9.150033,269.3628251340204
19.882301,,,269.90974336651664
19.758825,,,270.98704792489156
19.890278,,,272.134750943916
10.988915,13.303458,9.621933,272.24464498506217
20.551039,,,272.5659449037675
19.187838,18.328606,16.958456,272.7659378990392
20.030659,,,272.8241213944243
20.234152,,,272.8764785605159
20.37663,21.413525,19.729385,273.3228813113146
19.769339,19.521572,17.783009,274.34364249594165
4.2732897,4.9221287,3.6385603,274.804805762946
18.939981,,,275.1743741097316
20.217539,,,275.2386035396271
20.063276,19.271217,,275.3108322248295
20.807825,,,275.60603416098456
20.849102,,,275.8816749112212
19.223381,,,276.4267032455727
19.499489,,,276.7108309678137
19.921196,,,276.86875221580567
3.1336224,3.7571263,2.755582,277.516215785613
20.51554,20.368313,18.633034,277.58326989020577
18.930222,,,278.0893896042076
20.214052,,,278.78905195449533
19.407215,,,279.2709524935461
12.185656,15.118293,10.703465,279.2901128804506
19.799126,,,279.6283847702453
19.874353,,,279.7449340166948
20.367708,,,279.76371642433185
20.626581,,,279.95618161759967
19.390936,,,280.22513892402515
20.150105,,,280.58320847523044
7.216197,8.355295,6.1821933,280.6902388765284
19.887693,20.82931,18.616163,280.7468766533379
9.677366,11.314424,8.472292,280.7865717653615
19.033392,,,280.96579162740375
19.082287,18.230244,17.06605,281.83091072517067
19.988663,18.712223,18.37809,282.09114746941856
19.698597,,,282.1895275987026
19.553926,18.885279,17.48214,282.3056504759157
20.590252,20.200226,18.39771,282.78993351556113
19.267017,,,283.6130887809302
8.521576,9.986561,7.358593,283.86244541795537
7.8494425,9.189675,6.734624,283.9489272331801
20.624577,,,285.34844269037814
19.141968,,,285.42033798727607
19.95823,,,285.45795729014606
19.923454,,,285.64356349980585
19.84327,,,285.93325582241704
4.716549,5.459814,4.0148516,285.9459145181478
5.4236755,6.2872934,4.5875907,286.1456653355467
19.223017,,,286.1600275699668
19.003992,,,286.3614247821397
19.358778,19.493332,17.97352,286.4420031204753
18.773066,,,288.53301984288447
19.212633,,,288.97075328901866
20.610563,,,289.4378605465976
20.298918,,,289.9609110518459
19.800747,19.937347,17.980158,290.100545629764
19.118439,,,290.68930936611713
19.396215,,,290.87237822152287
20.981571,,,290.983728007841
20.343195,20.787468,19.207102,291.1312652279126
19.34751,,,291.83686101670884
20.745462,,,292.10922213112326
19.681206,,,292.7934831472493
20.487381,,,293.08670044348025
20.441492,20.353289,18.285986,293.93726253546794
19.318987,,,293.9525354292065
20.319765,,,294.1004550760302
19.810934,,,294.6461465295486
9.590669,11.387992,8.345408,296.3072923655969
20.117905,19.34176,,296.8707478238901
18.98387,19.432636,17.4985,297.6131973087751
20.636381,,,299.1218845692283
18.971127,,,299.2208243451723
19.5402,,,299.2488349408493
20.544224,,,300.51118232203015
19.621021,,,300.9489196550808
19.351349,18.8554,17.607178,301.29316375709044
20.102537,,,301.5518579408635
19.974363,,,301.6090390865367
19.692675,,,301.71625795325485
20.22029,19.705185,19.539587,302.7658964542177
19.942957,,,303.4472497487688
19.649244,,,303.52432822262455
6.5219927,7.615543,5.511107,304.21902198647064
19.176949,,,304.9943629760081
19.938929,,,305.14866685286137
19.26892,19.269455,17.170225,305.5917773583247
20.686417,,,305.82338994055704
19.181236,18.250334,,306.3158159782706
20.23297,,,306.3331016620847
19.857578,,,306.45732617461925
20.558968,,,307.02642062558846
19.064545,18.609852,17.306532,307.7789670659248
19.783943,,,307.93293743143676
19.26164,,,308.95496148929755
20.123762,,,309.3874339703066
20.86021,,,310.0818291093187
19.792042,,,310.8197272155084
20.076654,,,311.03603064667084
20.012354,,,311.824044019453
19.424547,,,312.0554986350936
20.492762,,,312.2133350163813
3.3691404,4.0025916,2.8829951,312.21914118452634
19.740358,,,313.0171324039129
20.361814,20.63318,18.485874,314.0081188600662
19.899055,,,315.0803618829586
19.793179,,,315.33578156862546
18.898634,17.972109,16.720827,315.865596463697
10.365541,12.559549,9.028447,316.9558463919487
20.481825,,,317.55845668465764
19.68546,,,317.60613325084654
20.343914,,,318.51680510974796
19.839895,,,320.5166789729639
20.708597,19.713919,18.85188,321.8522518050583
20.556774,,,322.0404437823654
20.663597,,,322.18425222496546
19.430532,,,324.063352584977
20.674822,,,324.597850981428
20.00895,19.136005,17.83062,324.8985990894155
20.911098,20.475954,19.191675,326.058701978601
20.190798,,,326.10953383996116
19.382973,,,326.97337272395384
20.495,20.556906,18.434639,328.1313115727213
20.632837,19.745285,18.757273,328.2579949078409
20.795465,20.44636,18.493174,328.50485502538595
20.57247,,,330.0805888424429
20.42639,,,330.6366452558605
19.6235,,,331.5051365126149
19.195171,,,331.7439509804109
20.643858,,,331.9176497357432
18.232136,,,332.0782283544101
19.42302,,,332.23965600414914
20.193657,,,332.55422617350956
19.129725,19.01586,17.14828,332.64284662941697
19.517967,,,332.72960939373775
19.851473,,,332.91884666954394
20.211277,,,333.290294680324
19.511639,,,333.3937472526907
20.128536,,,334.4125094010887
19.954529,,,334.618175418317
20.625225,,,335.7846107528209
9.125915,10.750635,7.912925,336.1227962634852
20.087784,,,336.7744718868708
19.745615,19.986311,17.490353,336.9552084107112
19.132586,,,336.9586257253755
20.535574,,,337.0995132651829
20.702831,,,337.1185466933005
19.878473,,,337.2267202678721
20.182255,,,339.3195799567366
19.769636,18.996346,,340.3628007901759
19.49123,19.808584,18.360447,340.5204270045612
19.815351,19.55851,17.692461,341.1642815880177
20.061787,,,341.8012589370631
19.51314,19.03674,17.445877,342.2148962234946
18.987997,17.9504,16.99427,343.15437399595436
19.382685,,,343.5464027483778
20.943682,,,343.9469111049481
19.440083,,,344.1039111238816
20.928078,21.276945,19.38588,344.3648615732022
19.398718,,,346.53573367060244
19.00414,19.366852,17.182455,347.5087582712971
20.44713,,,347.5659111432722
20.10461,,,348.17669853907194
19.610096,,,348.9323646436828
20.065922,,,349.0231900777539
20.344618,,,349.5347138432798
19.217007,,,350.56215711960857
19.477034,,,351.6079568076795
17.858727,17.567532,15.811417,353.9576983195924
19.722229,,,354.60682887061427
19.599648,,,354.68427387478425
20.197275,,,355.124973329776
19.397207,,,355.1529587505107
20.54276,,,356.73821065935607
18.953066,,,357.5710980710216
19.611076,,,357.90625072610305
20.248331,,,359.0974154296991
20.612717,20.55629,18.166365,359.2536977169829
19.08711,,,359.70530246377757
19.129564,,,359.7099959639023
20.83657,22.104254,18.680279,360.3871792677651
19.428286,,,360.923138014922
19.217552,19.526188,18.11932,361.4360160167408
20.728197,21.580124,18.595997,362.01223579509906
20.111782,,,362.77406681303046
19.84476,,,363.024626124174
20.058622,19.998375,18.252949,363.4185925433918
20.877327,21.933992,18.859362,364.1618096103847
17.481398,,,365.24503432285303
19.702478,,,365.49655757450944
16.410515,16.382969,14.941158,366.25615445952127
19.890718,18.875198,17.843391,367.1141872378633
20.734587,,,367.75453293009747
20.764584,20.14191,18.763527,368.62458942012756
20.727995,,,369.85481000909425
10.487132,12.847853,9.10289,369.93177332954855
19.508152,,,370.7521688311019
19.022686,18.316559,16.827293,370.9243860927275
20.814503,19.629433,18.800337,371.11579386875695
19.318405,,,371.66618267732866
10.806108,13.30387,9.349278,372.1631202537232
19.944918,,,373.3949985917624
20.276773,,,373.55735334531585
19.503782,,,373.90226021939617
19.840479,,,373.9692204067477
19.956114,,,375.1193162946989
19.939085,,,375.296575017638
20.904112,20.59557,18.852566,375.40260928794123
19.827177,,,375.9429261525644
20.603836,20.659538,18.333118,376.2214612721835
20.678192,,,376.2966079581228
20.966125,20.158453,19.881573,376.5324554256667
8.474459,8.221356,8.482743,376.68011318544626
20.662539,21.338045,18.927313,377.6148520261529
19.141842,18.418205,16.980953,378.22097906268704
20.186607,,,378.25586022118324
20.682632,21.056383,18.403305,378.60409544286335
19.792133,18.99488,17.874214,380.3397139956326
19.615925,,,381.49025956613025
19.712673,,,381.836150942492
19.46104,,,383.8394552487838
18.340067,18.750286,16.979584,384.102387014031
19.48973,,,385.3078386090952
19.858158,,,385.66895399840377
20.027306,,,385.70756430515326
20.869389,20.474663,18.962584,386.23974245549863
20.186195,,,386.3442765795555
19.70591,,,387.6870512893204
20.580667,20.03557,19.681873,388.06152280554085
20.309504,19.442354,,389.1875858173697
19.726389,,,390.070494976325
19.884846,,,390.14958561392683
19.819504,,,390.89036196925895
19.722166,,,391.0054075827192
19.703896,,,391.5796804610242
19.885693,,,391.6178102830717
19.538433,,,392.24206889046735
19.651356,,,392.2990395397841
19.63675,,,392.89808800947003
20.86,21.110577,19.230427,395.1147445187359
19.767694,,,396.3162017580962
19.239336,,,396.9753203611056
19.774698,,,397.8839988350135
19.50832,,,399.7562466645682
20.011435,,,399.92566036756705
19.372213,,,400.29928939067867
19.608374,,,400.3773008302261
19.57119,,,400.88403386536373
19.718887,19.550495,18.182497,401.32136243238097
19.898159,,,402.1688301938252
19.80607,19.640793,18.417383,402.3111985466356
19.97234,,,402.67082601544445
20.809437,,,406.26425616367374
19.984125,,,407.22176554438494
20.127028,,,407.5086742689763
20.260983,,,408.10970647833875
20.309938,,,408.4123579515962
19.839928,,,408.58616015152745
20.45384,,,409.5658925930636
20.108337,,,410.09092425785707
19.133747,,,410.77556114224984
19.857367,,,412.3352137688816
19.75482,19.084475,17.649807,412.4248020560822
19.823969,,,412.7055203820422
20.126793,,,412.9967004285965
19.670614,,,413.171097304807
19.896763,,,413.78797341683514
19.906155,,,417.3475437628799
19.279829,,,417.53978019737906
19.821888,,,417.5438097310461
20.611843,,,417.6789053316798
20.198095,,,417.90730992478944
20.205421,,,418.15003791331065
20.333805,,,418.18831410989316
19.750944,18.847486,,419.36382204706035
19.837198,,,419.49117144208526
19.808634,19.192726,18.245035,419.54283894549764
20.523335,,,419.5724303100997
19.776943,19.215958,18.581703,419.86064238003877
18.783356,,,420.06390018704144
20.509169,,,421.05924236858004
18.799091,,17.057228,421.4075013154762
19.482685,19.15646,17.524042,421.859073635123
19.74309,,18.130472,422.10196164313356
19.218119,18.618904,17.106974,423.552384429879
19.61813,,,424.1089157184509
20.244669,,,424.20652828658456
20.430023,,,424.2644559490046
19.853653,,,427.0279681351604
19.78448,,,428.55516877715854
19.721037,,,428.583077929511
19.947195,18.88656,18.729477,429.54756027105554
20.6401,,,430.31706166343156
19.298475,,,430.3524725851656
19.749165,,,431.18214884073956
19.742443,19.945995,19.01081,431.76212356627656
19.94111,,,432.2191573768082
20.249926,,,432.3356945192588
19.711992,,,432.8549965737043
19.233242,,,434.0894273848116
19.138454,,,434.49853037936424
20.367384,,,435.17223628437995
19.973316,,,436.1147567784797
19.45057,,17.934004,436.57773270579725
19.534222,,,437.0905010409097
19.574842,19.411583,17.509504,438.76013638875537
19.214378,,,438.915046195626
19.131773,,,439.21625470064276
19.628225,,,442.27208824741587
19.347832,,,443.05118294770205
19.75618,,,444.1613142182193
20.217999,,,445.72150428308373
19.278212,,,446.3044574685706
19.592264,,,446.3233006815203
20.013662,,,446.9200277891371
20.159538,,,448.4462655358409
20.044535,,,451.8043559391959
19.937397,,,453.2409099630923
19.381422,,,453.66990599418574
20.424883,18.94492,,454.09123242794857
19.641565,,17.893526,455.01313716382214
20.058874,,,456.3810493913435
19.920116,,,456.8944856123989
20.38569,20.049242,19.057749,457.9062491103953
19.889002,,,458.36297307423297
19.62686,,,459.2876357656899
20.005926,,,459.7426644672793
19.845306,,17.65854,460.9891204126354
19.58354,18.992113,17.983717,462.38718403322304
20.255096,,,463.65803223682155
19.614775,,,463.99004092467646
20.001938,20.117226,,464.01655659927127
20.556644,,,464.1187302092512
20.647526,,,467.2295223712726
20.544006,20.1513,18.631336,468.8986656537634
20.394787,,,468.9297364287509
19.840714,19.630459,18.375883,471.4745026359916
18.998457,,,473.3484555665107
20.434227,19.653965,18.294394,474.36319822815716
20.055658,,,475.40482697012624
20.393778,20.601944,18.603226,475.9465517152078
20.272902,,,477.4866463657003
19.519373,,,477.5690642031424
20.227934,,,477.83460855201446
19.537256,,,478.2333277831733
20.082298,19.341452,18.795225,479.0986341039325
18.83415,17.750212,16.734394,479.8975546686066
19.665823,,,480.17864064117055
19.413176,,17.05608,481.0931119803235
20.532207,,,483.0623280720463
18.934397,19.401703,17.72482,483.24943882655646
19.83298,,,484.42837021710324
19.569866,,,484.89219331544757
19.970354,,,486.04731890152306
18.913725,18.69951,17.298822,487.9451886076433
20.303722,,,490.8592472908061
20.883352,21.600914,19.298498,491.4788797466521
19.59084,,,492.68110431573973
20.711884,19.883352,19.17844,494.15305703475354
19.24202,,,496.0299199571537
19.538876,19.116312,17.967268,496.1432643375491
19.759499,,,496.6338376257941
19.45528,,,497.5235387118481
20.867056,,,498.88593719130057
19.891445,19.527832,18.151588,500.2153973592339
20.483276,,,500.73286768847174
19.535107,,,500.78536635987007
19.745867,,,502.34690325532677
20.060722,,,502.40464848816504
19.449722,,,503.74885500592217
19.937737,,,504.99591755425786
19.396822,,,505.11222527004514
19.75518,,,505.62063868220645
19.950214,,,506.2971741680408
19.310768,,,509.22129028982283
20.016737,,,509.85584904209554
19.68581,,,511.3612396279344
19.701128,,,512.6668082289749
20.223524,,,512.8233927970025
20.489899,,,514.4327255927952
20.942545,,,516.8819149462159
20.101023,20.090069,18.553478,521.2542719829444
20.419283,20.107096,18.981695,521.8114313535009
19.283337,,,523.2031356877441
20.171074,,,524.2947978427624
20.119507,,,525.4020318687767
19.709301,,,526.9047480180486
19.997997,,,528.8881617414041
19.473135,,,532.3705937339109
20.517086,,,532.4315026961655
20.487375,20.41753,18.38145,532.6331970275696
19.797174,,,533.8125679205758
18.838383,,,536.2968290293907
20.749386,,19.192268,543.9501897454236
20.350924,,,547.013482576783
19.444397,,,547.342972989342
8.195106,9.810388,6.969867,547.4506196448664
20.454147,,,549.6074416445483
20.09098,,,550.3294464731108
19.379276,,,552.9502233808926
20.265522,,,553.3365357667257
20.626717,,,555.3883941651214
18.494781,,,556.0159667282398
19.478537,,,556.150982457753
20.040642,,,557.3527772675933
20.462868,,,560.9002020253009
19.461077,,,562.9232795886268
19.124681,,,563.0210091698318
19.863245,,,564.1392003180384
19.44716,,,567.3773451473368
20.297594,,,572.5514101420925
19.87854,,,574.9138956702027
19.574015,19.018496,17.326775,574.970574063194
19.590908,,,575.6982243615453
19.678774,,,575.9762903938384
19.43188,,,580.4353454645974
20.062414,,,584.6076959039377
19.382069,,,585.1778788881295
19.660122,,,585.9819431932257
19.205397,,,586.7356280818785
19.656914,,,596.6975591439327
19.74379,,,596.7530727877702
20.360981,,,596.8382440258453
19.706577,,,600.7885086864586
19.519049,,,601.2861146423568
19.61317,19.307714,18.213497,606.0200562104549
20.477978,,,606.7252313491048
19.801823,,,608.4186743106465
20.074375,,,610.3278905726642
20.175934,20.278784,18.9931,611.5721629531423
20.307735,19.312464,,617.4553761294383
20.044445,19.318068,18.256134,618.701684137594
19.894857,,,618.9146325755765
19.874666,,,619.1278596521082
19.302025,,17.096415,619.5258762504149
20.071215,,,619.716613746514
20.605017,,,620.5547450069275
19.87254,,,623.5803093812439
20.274475,,,624.3678008632229
19.955982,19.90206,18.339125,627.8099046520281
19.750338,18.799772,17.705194,628.3834960108401
20.089865,19.609743,18.21582,632.0991832821524
19.750296,,,635.8914488756357
19.422167,,,637.1463543102759
19.102707,18.739695,16.870312,637.6597492649215
19.681816,,,638.6551775425556
19.284851,19.292397,17.262686,640.1537340698544
19.97617,,,642.2718991773311
19.650036,,,648.2335793309802
19.43103,,,648.7041636359321
20.779442,20.300814,18.480993,648.9543277957002
19.610687,19.586914,18.279448,650.6510108566063
19.97197,,,650.9378872522154
19.746729,19.84194,17.831493,652.7023531766828
20.27252,19.26664,18.373392,655.6124274817428
19.374237,19.160078,17.25292,656.0140433081035
20.805695,,,661.6097443126635
19.683096,,,667.639928265145
20.636164,20.211685,19.132992,672.4148598564027
20.141695,,,674.2830203208226
20.616703,19.490385,18.78804,674.9369856663105
19.941338,19.177153,18.042103,675.1079652394502
20.201256,,,676.6758128698328
19.837019,,,680.2885397563964
19.796455,,,686.160272579377
19.520632,,,690.153412620798
19.594261,,,699.4276813287693
19.571852,,,707.6329499637656
19.403868,,,711.5064810521319
19.530172,,,717.704263383672
19.432608,,,734.6283731748333
20.16892,20.343397,18.765,739.2806597490139
19.889414,,,741.7065680216242
19.706175,,,742.6590077648012
19.443962,,,761.3762802510477
20.059345,,,766.3829392584605
19.279964,,,767.9115731289477
8.953612,11.382926,7.58643,768.5003653333918
19.949272,,,769.0094658362417
19.187359,,,772.3617551948375
19.516497,,,773.0800902287208
19.738766,,,779.6490092507003
19.265701,,,780.6242037713957
20.529593,,,782.1320888774326
19.980648,,,785.3363379144004
20.588978,,,788.2442472599515
19.361664,,,789.6063404017812
19.79025,,,796.0694078639568
19.61252,,,796.1244314190392
19.612873,,,800.9993249357361
18.953773,,,807.0969756828869
19.968084,,,810.3367894260689
19.779072,,,829.3143470465413
20.38549,,,841.040844926875
20.063198,,,842.9243600263587
20.680939,20.90031,18.96987,843.0733606884936
19.367506,,,843.8069466937907
19.895496,,,846.4949684613305
19.632353,,,854.2944942738885
19.303444,,,857.3202615302137
19.70042,20.730503,18.212988,859.8633691665657
20.243599,,,869.5316397224558
19.745958,19.239227,17.651186,877.0468828830486
20.084713,,,882.0316383022448
19.639162,,,889.0541017164954
19.692234,,,894.2285978213151
20.526451,,,908.808979041254
19.4473,19.04422,17.14883,913.8980354941541
19.380304,,,914.2371621092869
20.360365,,18.255404,914.5191407763253
19.462265,,,926.6749677260873
19.519901,,,942.7404771432795
19.669264,18.546797,17.709297,950.5881600650082
19.760473,19.892843,,968.7078924481922
19.563492,,,969.0846575897007
19.267998,,,979.8024538843522
19.711906,18.811895,17.915167,983.8769338674119
19.36839,,,1020.5910986659334
20.550598,19.626307,18.590998,1031.0149672167688
19.78317,19.171337,17.944746,1043.6534634611285
20.579773,,,1051.2263520541876
19.79173,,,1089.4146405154793
19.411999,,,1131.0121903695974
20.325205,,,1143.6704543478163
20.192972,19.515446,18.02679,1165.406338736883
19.770742,,,1191.5784904393795
19.55926,,,1200.1803735531228
19.252655,,,1239.579533388983
19.964388,,,1328.8377893227416
19.217163,,,1369.275212694379
19.622173,,,1377.7433471537968
19.990911,,,1392.6879001873735
20.184158,,,1446.766176823821
20.80169,,,1513.989051313032
19.783571,,,1634.2833535533089
19.349821,,,1686.2659581841303
19.884388,18.71366,17.871073,1847.4333489420278
19.63355,,,1851.8821404624455
